﻿<cmdHelp>
  <description>
    <![CDATA[When macro is started, the macro free text is sent to currently active application (window). The macro free text is sent to the active application either as a sequence of keystrokes or pasted through clipboard - what option is used depends on the program settings and the macro settings.
    <br><br>The macro free text is typically used in combination with "text shortcut" keyboard trigger to implement simple "text replacement" macros.
    <br><br>The macro free text can be combined with any macro command - just add macro command anywhere in the macro text.]]>
  </description>
  <sample>
    <![CDATA[If this macro is run in Notepad (for example) then whole this text is inserted to Notepad.]]>
  </sample>
</cmdHelp>