﻿<cmdHelp>
  <description>
    <![CDATA[The keystroke is sent to the curently active application (window).
<br><br><b>Notice:</b> The control keys - <b>&#60;ctrl&#62;, &#60;alt&#62;, &#60;shift&#62;, &#60;lwinkey&#62;, &#60;rwinkey&#62;</b> - behaves so that the first occurence means "key down" and the second occurence means "key up". This is different from all other keys where the key means "key up and down".]]>
  </description>
  <sample>
    <![CDATA[<#> This will press F10 key
<F10><#>This will press Ctrl+Alt+K
<ctrl><alt>k<alt><ctrl>]]>
  </sample>
</cmdHelp>