﻿<cmdHelp>
  <description>
    <![CDATA[Stops (pauses) macro execution until user presses 'Enter' key.]]>
  </description>
  <sample>
    <![CDATA[<#> This macro shows how to use 'pause' command
<#>
<cmds>
<msg>(100,100,"Start Notepad and press 'Enter' key.","Message",0)
<pause>
<msgoff>
<actwin>("notepad",0,0,"no")
<keys>Dear Mr. <msg>(100,100,"Insert the customer name and press 'Enter' key.","Message",0)<pause><msgoff>,

we are writing you this letter because...]]>
  </sample>
</cmdHelp>