﻿<cmdHelp>
  <description>
    <![CDATA[Runs other macro (specified by name). It is possible to pass the called macro a parameter and it is also possible to receive a return data from the called macro.  If the called macro returns some data then the data are available through "_vMacroResult" system variable right after the <run> command finishes execution.
    <br>
    <br>Note below parameters specific to &quot;Clipboard macros&quot;.]]>
  </description>
  <parameters>
    <p><![CDATA[Name or ID (showing in the &quot;general&quot; tab in macro definition view) of the macro to run.]]></p>
    <p><![CDATA[Parameter that will be passed to the remote macro. The called macro can retrieve the parameter data from &quot;_vMacroParameter&quot; system variable.
    <br>
    <br>- If the macro called is &quot;Clipboard macro&quot; with a text (including rich text) content then it is possible to replace text in the &quot;Clipboard macro&quot; by some other text specified in the parameter. The syntax is:
    <br>
    <br>replace_what:EXISTING_TEXT;replace_by:NEW_TEXT;
    <br>
    <br>Example: replace_what:rep01;replace_by:%vCustomerName%;replace_what:rep02;replace_by:%vHelpPhrase%;replace_what:rep03;replace_by:%vInputNeeded%;
    <br>Where EXISTING_TEXT is a text in the &quot;Clipboard macro&quot; and NEW_TEXT is a new text (can be also a variable) that will replace the EXISTING_TEXT before the &quot;Clipboard macro&quot; is pasted.
    <br>There can be multiple replace_what;replace_by; pairs in the parameter. It is recommended to use a simple text such as &quot;rep01&quot; (rather than something like &quot;%rep_01%&quot;) as a text to replace since different rich text formats in &quot;Clipboard macro&quot; encodes special characters (such as %, _, -, +, etc.) differently and replacement could fail.
    <br>This feature can be used to create nicely formatted templates of documents and e-mails that can be quickly and easily filled with appropriate data.
    <br>
    <br>- If the macro called is &quot;Clipboard macro&quot; then it is possible to specify here &quot;load_only&quot; parameter which will cause that the &quot;Clipboard macro&quot; is just copied to clipboard but not pasted to an application.
    <br>
    <br>]]></p>
    <p><![CDATA[Time in milliseconds to wait before next command is executed. If this parameter is empty then a default wait time is used.]]></p>
  </parameters>
  <sample>
    <![CDATA[<#> This example shows how to call a macro called "ToUpper" using <run> command.
<#> We pass parameter "lowercase string" that the "ToUpper"
<#> macro converts to uper case and passes back as a result.
<#>
<cmds>
<run>("ToUpper","lowercase string")
<msg>(-100,-100,"%_vMacroResult%","And the result is",1,0,0)]]>
  </sample>
</cmdHelp>