﻿<cmdHelp>
  <description>
    <![CDATA[This command plays user defined sound (.wav file) or just beeps.]]>
  </description>
<parameters>
<p><![CDATA[Full path to the file (.wav) to play. If empty then just a beep is played.]]></p>
<p><![CDATA[How many times the sound should be repeated.]]></p>
</parameters>
  <sample>
    <![CDATA[<#> This macro will play the sound file you select
<#>
<cmds>
<var_oper>(vSoundFile,"",SELECT_FILE,"Select File","", "0")
<beep>("%vSoundFile%",1)]]>
  </sample>
</cmdHelp>