﻿<cmdHelp>
  <description>
    <![CDATA[Activates specified window.  If the window doesn't exist a macro can be started (to open desired application or notify user, for example).]]>
  </description>
  <parameters>
    <p><![CDATA[Window identifier in form of Window Identification Path (WIP) or HWND.  It identifies the window that is to be activated.]]></p>
    <p>
      <![CDATA[Takes effect only if a window is identified using WIP parameter. Can be one of these values:
<br>0 - match substrings in WIP
<br>1 - match exact strings in WIP]]>
    </p>
    <p><![CDATA[State of the window after the window is activated:
0 - Normal
1 - Minimized
2 - Maximized
3 - Let the state unchanged]]></p>
    <p><![CDATA[Name of the macro to run if the window doesn't match any existing window.  The default "no" value means no macro will be run.]]></p>
  </parameters>
  <sample>
    <![CDATA[<#> This macro activates "Notepad" window if it is opened
<#>
<cmds>

<if_win>("Notepad","OPEN",0)
   <actwin>("Notepad",0,0,"no")
<else>
   <msg>(100,100,"'Notepad' is not opened!","Message",1)
<endif>]]>
  </sample>
</cmdHelp>