﻿<cmdHelp>
  <description>
    <![CDATA[Shows a message window on the screen.]]>
  </description>
  <parameters>
    <p><![CDATA[X-coordinate of the message window position.  If both X-coordinate and Y-coordinate is equal to -100 then the message window is centered on the screen.]]></p>
    <p><![CDATA[Y-coordinate of the message window position.]]></p>
    <p><![CDATA[Text that is displayed in the message window.]]></p>
    <p><![CDATA[Title of the message window.]]></p>
    <p>
      <![CDATA[Button(s) available in the message window. When user clicks the button then the message window is closed. Can be one of these values:<br><br>0 - No button to close the message window is available. The "msgoff" command must be used to close the message window.<br><br>1 - OK button is shown in the message window.<br><br>2 - Yes and No buttons are shown in the message window.  If user clicks Yes button, the "_vMsgButton" system variable is set to "YES".  Otherwise the "_vMsgButton" variable contains "NO:.]]></p>
    <p><![CDATA[Timeout in seconds. If the message is still showing on the screen after this time period then it is automatically closed.]]></p>
    <p><![CDATA[Type of icon that will be displayed in the message window.]]></p>
    <p><![CDATA[Allows to keep the message window always on top of other windows so that it is visible to the user.]]></p>

  </parameters>
  <sample>
    <![CDATA[<#> This macro will show various use of message window
<cmds>

<msg>(-100,-100,"This is an information message....","Message",1,0,0)
<msg>(-100,-100,"...and this message has 10 seconds timeout....","Message",1,10,0)
<msg>(-100,-100,"...and you can also answer questions....","Message",2,0,1)
<if>("_vMsgButton==YES")
   <msg>(-100,-100,"You clicked YES!","Message",1,0,0)
<else>
   <msg>(-100,-100,"You clicked NO","Message",1,0,2)
<endif>

<msg>(-100,-100,"And this message without a button will close if you press 'F10' key.","Message",0,0,0)
<waitfor>("KEY","PRESS","<F10>",15,0)
<msgoff>

<#>Message content is updated several times:
<msg>(-100,-100,"Message content A
(Wait for 2 seconds)","Message A",0,0,0,0)
<wx>(2000,0)
<msg>(-100,-100,"Message content B
(Wait for 2 seconds)","Message B",0,0,0,0)
<wx>(2000,0)
<msg>(-100,-100,"Message content C
(Wait for 2 seconds)","Message C",0,0,0,0)
<wx>(2000,0)
<msgoff>]]>
  </sample>
</cmdHelp>