﻿<cmdHelp>
  <description>
    <![CDATA[This command closes message window that was previously opened with no buttons to show.  If the message window command is called subsequently before it is closed by "msgoff" then the message content is updated and message box window is resized (if necessary).]]>
  </description>
  <sample>
    <![CDATA[<#> This macro will display message window and closes it after 5 seconds
<#>
<cmds>
<msg>(-100,-100,"Wait for 5 seconds...","Message",0)
<wx>(5000)
<msgoff>]]>
  </sample>
</cmdHelp>