﻿<cmdHelp>
  <description>
    <![CDATA[This command displays a list of macros a user can choose from. The selected macro is executed and the control is returned to the calling macro again.  If user clicks "Cancel" button the _vCanceled system variable is set to 1 (otherwise it is 0) to allow to distinguish between situations when OK or Cancel button was clicked.]]>
  </description>
  <parameters>
    <p><![CDATA[Title of the macro selection window.]]></p>
    <p><![CDATA[Name of the macro (or macro Id) to run if selected.]]></p>
    <p><![CDATA[Description of the macro so that user knows what to select.]]></p>
  </parameters>
  <sample>
    <![CDATA[<#> This macro demonstrates how to create a list of macros
<#> a user can select from to run a particular macro
<#>
<cmds>
<listbox>("Select your option","_macro1","1. Macro","_macro2","2. Macro--d.e.f.a.u.l.t--","_macro3","3. Macro")]]>
  </sample>
</cmdHelp>