﻿<cmdHelp>
  <description>
    <![CDATA[Runs macro saved in an external text file.  It is possible to pass the external macro a parameter and it is also possible to receive a return data from the macro.  If the macro returns some data then the data are available through "_vMacroResult" system variable right after the <extmacro> command finishes execution.]]>
  </description>
  <parameters>
<p><![CDATA[Name of the macro to run.  (The macro name should be unique if it is run from other macros using <run> command).]]></p>
<p><![CDATA[If 1, the text from the MacroFile is inserted to the active window through the clipboard.  (This option is intended only for plain text with no commands.)
If 0, the macro from the MacroFile is played back the same way as it was regular macro.]]></p>
<p><![CDATA[Parameter that will be passed to the remote macro.  The called macro can retrieve the parameter data from "_vMacroParameter" system variable.]]></p>
  </parameters>
  <sample>
    <![CDATA[<#> This macro starts macro from external file.
<#>
<cmds>
<extmacro>("%_vMacroFileFolder%Samples\Simple form example.mcr",0)]]>
  </sample>
</cmdHelp>