﻿<cmdHelp>
  <description>
    <![CDATA[Macro loop feature allows to repeat several times a part of macro (macro steps) that are enclosed between "begin loop" and "end loop" commands.]]>
  </description>
<parameters>
<p><![CDATA[The number of repeats.  Can be one of these options:
<br>Repeat > 0  -  The Repeat is the actual number of loops to be performed.
<br>Repeat = 0  -  The user specifies the number of repeats in the runtime.
<br>Repeat = -1  -  The user is asked each loop to continue or stop repeating.]]></p>
</parameters>
  <sample>
    <![CDATA[<#> This example shows how to use loop commands
<#>
<cmds>
<varset>("vNum=","How many Notepads you want to open ?")
<begloop>(vNum)
   <execappex>("notepad.exe","","",0,0)
<endloop>]]>
  </sample>
</cmdHelp>