﻿<cmdHelp>
  <description>
    <![CDATA[Begins loop.  The loop allows to repeat some part of macro many times.  Each <begloop> commands must be followed by <endloop>.]]>
  </description>
  <parameters>
    <p><![CDATA[The number of repeats.  Can be one of these options:
Repeat > 0  -  The Repeat is the actual number of loops to be performed.
Repeat = 0  -  The user specifies the number of repeats in the runtime.
Repeat = -1  -  The user is asked each loop to continue or stop repeating.]]></p>
  </parameters>
  <sample>
    <![CDATA[<#> This example shows how to use loop commands
<#>
<cmds>
<varset>("vNum=","How many Notepads you want to open ?")
<begloop>(vNum)
   <execappex>("notepad.exe","","",0,0)
<endloop>]]>
  </sample>
</cmdHelp>