﻿<cmdHelp>
  <description>
    <![CDATA[Opens web page in a web browser.<br>Note: In order to use this command together with "www_fillform" command the "Internet Explorer" browser must be used.]]>
  </description>
<parameters>
<p><![CDATA[Link (URL) to the web page (e.g., "http://www.macrotoolworks.com").  The link must contain http://, https://, etc. prefix.]]></p>
<p>
  <![CDATA[The state of the window:
<br>0 - Normal
<br>1 - Maximized
<br>2 - Minimized]]></p>
<p><![CDATA[Time in seconds.  If the web page is not opened in this time frame then the command fails.]]></p>
  <p>
  <![CDATA[The value of this field can be one of these:<ul>
<li>Variable name - variable containing handle identifying web browser window to use. If the variable value is "empty" then a new web browser window is opened. The variable receives handle of this new browser window.</li> 
<li>0 or Empty - if the field is empty or contains 0 then an already opened window is used.</li>
<li>1 - if the field contains 1 then a new Internet Explorer window is open.</li>
<li>2 - if the field contains 2 then a new Internet Explorer tab is open.</li>
</ul>]]></p>
  <p><![CDATA[Browser to use:
<br>IE - Internet Explorer
<br>Default - The browser that is set as default is used. In this case the previous "Time to wait" parameter and "Window handle" parameters are ignored.]]></p>  
</parameters>
  <sample>
    <![CDATA[<#> This command opens pitrinec.com web page
<#>
<cmds>
<wwwopen>("http://wwww.pitrinec.com",0,15,,IE)]]>
  </sample>
</cmdHelp>