﻿<cmdHelp>
  <description>
    <![CDATA[Opens file within the associated application.]]>
  </description>
<parameters>
<p><![CDATA[Full path to the file to open (e.g., "c:\mydocuments\letter1.doc").  Can be a static text or variable containing text.]]></p>
<p>
  <![CDATA[The state of the window:
<br>0 - Normal
<br>1 - Maximized
<br>2 - Minimized]]></p>
</parameters>
  <sample>
    <![CDATA[<#> This command opens file user selects
<#>
<cmds>
<var_oper>(vFile,"",SELECT_FILE,"Select File","", "0")
<if_str>("_vCanceled==1") <exitmacro> <endif>
<fileopen>("vFile",0)]]>
  </sample>
</cmdHelp>