﻿<cmdHelp>
  <description>
    <![CDATA[This command copies one or multiple files.]]>
  </description>
<parameters>
<p><![CDATA[Full path to the file to copy  (e.g., "c:\mydocuments\original.doc") or just file name (in such case it is expected the file is located in the same folder as macro file).  The file name can contain wildcard characters (*?).  In such the case all the files matching the pattern are copied.]]></p>
<p>
  <![CDATA[Full path to the new file (e.g., "c:\mydocuments\copy.doc") or just file name (in such case the copied file will be located in the same folder as macro file).  If the FileSource contains wildcard characters the FileDestination must specify directory (e.g., "c:\mydocuments") where multiple files are copied.
  <br>This field cannot be left empty.]]></p>
<p><![CDATA[Takes effect only if the FileSource contains wildcard characters.  If 1, files from all the sub directories are copied as well (if matching the pattern).  If 0, files from sub directories are not copied.]]></p>
<p><![CDATA[Must be 0.]]></p>
<p><![CDATA[If the copy fails the command can retry to copy later.  This parameter tells the number of retries.]]></p>
<p><![CDATA[This variable receives the number of files copied.  This parameter can be left blank.]]></p>
<p><![CDATA[This variable receives the number of failures. This parameter can be left blank.]]></p>
<p><![CDATA[If a file cannot be copied then it is recorded in report file. This parameter can be left blank.]]></p>
<p><![CDATA[Additional parameters:
<br>"-pr" - show progress window
<br>"-on" - overwrite file only if it is newer.]]></p>
</parameters>
  <sample>
    <![CDATA[<#> This macro copies file you select to the file "c:\filecopy.txt"
<#>
<cmds>

<#> Select file to copy:
<var_oper>(vFile,"*.txt",SELECT_FILE,"Select File","", "0")
<if_str>("_vCanceled==1") 
   <exitmacro> 
<endif>

<#> Type destination folder:
<varset>("vDestinationFolder=","Type where to copy the selected file:")
   <if_str>("_vCanceled==1") 
<exitmacro> 
<endif>
 

<#> Do not show error messages, we will handle errors programatically
<me_error_nodisplay>

<#> Copy file
<filecopy>("vFile","%vDestinationFolder%\filecopy.txt",0,0,3,vCopied,vFailed,"%TEMP%\filecopy_failreport.txt","-pr -on ")

<if>("vFailed<=0")
   <msg>(-100,-100,"File was copied OK!","Message",1,0,0)
<else>
   <msg>(-100,-100,"File copy FAILED!","Message",1,0,2)
<endif>

<me_error_clear>
<me_error_display>]]>
  </sample>
</cmdHelp>