﻿<cmdHelp>
  <description>
    <![CDATA[This command moves   file(s).]]>
  </description>
<parameters>
<p><![CDATA[Full path to the file to move (e.g., "c:\mydocuments\original.doc").  The file path can contain wildcard characters (*?).  In such the case all the files matching the pattern are moved.
Can be a static text or variable containing text.]]></p>
<p><![CDATA[Full path to the new file (e.g., "c:\mydocuments\copy.doc").  If the FileSource contains wildcard characters the FileDestination must specify directory (e.g., "c:\mydocuments") where multiple files are moved.]]></p>
<p><![CDATA[Takes effect only if the FileSource contains wildcard characters.  If 1, files from all the sub directories are moved as well (if matching the pattern).  If 0, files from sub directories are not moved.]]></p>
<p><![CDATA[Must be 0.]]></p>
<p><![CDATA[If the move fails the command can retry to move again.  This parameter tells the number of retries.]]></p>
<p><![CDATA[This variable receives the number of files copied.  This parameter can be left blank.]]></p>
<p><![CDATA[This variable receives the number of failures. This parameter can be left blank.]]></p>
<p><![CDATA[If a file cannot be moved then it is recorded in report file. This parameter can be left blank.]]></p>
<p><![CDATA[Additional parameters:
<br>"-pr" - show progress window
<br>"-on" - overwrite file only if it is newer.]]>
  </p>
</parameters>
  <sample>
    <![CDATA[<#> This macro moves file you select to "c:\temp\"  folder
<#>
<cmds>
<var_oper>(vFile,"*.txt",SELECT_FILE,"Select File","", "0")
<if_str>("_vCanceled==1") <exitmacro> <endif>
<filemove>("vFile","c:\temp\",0,0,0,,,"","")]]>
  </sample>
</cmdHelp>