﻿<cmdHelp>
  <description>
    <![CDATA[Deletes directory including all subdirectories.  The directory doesn't have to be empty - all the files in the directory are deleted.]]>
  </description>
<parameters>
<p><![CDATA[Full path to the directory to delete (e.g., "c:\olddata").]]></p>
<p><![CDATA[Must be 0.]]></p>
</parameters>
  <sample>
    <![CDATA[<#> This macro deletes directory you select
<#>
<cmds> 

<msg>(100,100,"Select folder you want to delete.","Message",0)
<var_oper>(vDir,"",SELECT_FOLDER,"Select Folder","", "0")
<if_str>("_vCanceled==1")
   <exitmacro>
<endif>
<msgoff>
 
<msg>(100,100,"Folder delete process is in progress. Please wait....","Message",0)
<dirdel>("vDir",0)
<msgoff>]]>
  </sample>
</cmdHelp>