﻿<cmdHelp>
  <description>
    <![CDATA[Copies directory including all subdirectories.  The command continues copying files even if some files fails to be copied.  Failed files are reported in report file and also number of failures can be saved in user defined variable so that errors can be handled programmatically.]]>
  </description>
<parameters>
<p><![CDATA[Full path to the source directory (e.g., "c:\mydocuments").]]></p>
<p><![CDATA[Full path to the destination directory (e.g., "c:\backup").]]></p>
<p><![CDATA[Must be 0.]]></p>
<p><![CDATA[Must be 0.]]></p>
<p><![CDATA[If the copy fails the command can retry to copy later.  This parameter tells the number of retries.]]></p>
<p><![CDATA[This variable receives the number of files copied.  This parameter can be left blank.]]></p>
<p><![CDATA[This variable receives the number of failures. This parameter can be left blank.]]></p>
<p><![CDATA[If a file cannot be copied then it is recorded in report file. This parameter can be left blank.]]></p>
<p><![CDATA[Additional parameters:
"-pr" - show progress window
"-on" - overwrite file only if it is newer.]]></p>
</parameters>
  <sample>
    <![CDATA[<#> This macro copies directory you select to other directory you select.
<#>
<cmds> 

<msg>(100,100,"Select folder you want to copy.","Message",0)
<var_oper>(vDirSource,"",SELECT_FOLDER,"Select Source Folder","", "0")
<proc_call>(ExitOnCancel,)
<msgoff>
 
<msg>(100,100,"Select destination folder.","Message",0)
<var_oper>(vDirDest,"",SELECT_FOLDER,"Select Destination Folder","", "0")
<proc_call>(ExitOnCancel,)
<msgoff>
 
<msg>(100,100,"Folder copy is in progress. Please wait....","Message",0)
<dircopy>("vDirSource","vDirDest",0,0,3,,vFail,"%TEMP%\DirCopyFailuresReport.txt","-pr -on ")
<msgoff>

<#> --------------------------------------------------------------------

<proc_def_begin>(ExitOnCancel,)
<if_str>("_vCanceled==1")
   <exitmacro>
<endif>
<proc_def_end>

<#> --------------------------------------------------------------------]]>
  </sample>
</cmdHelp>