﻿<cmdHelp>
  <description>
    <![CDATA[The command moves specified window to defined position.]]>
  </description>
<parameters>
  <p><![CDATA[Window identifier in form of Window Identification Path (WIP) or HWND.  It identifies the window that is to be moved.]]></p>
  <p>
    <![CDATA[Takes effect only if a window is identified using WIP parameter. Can be one of these values:
<br>0 - match substrings in WIP
<br>1 - match exact strings in WIP]]>
  </p>
<p><![CDATA[X-coordinate of desired window position]]></p>
<p><![CDATA[Y-coordinate of desired window position]]></p>
</parameters>
  <sample>
    <![CDATA[<#> This macro moves "Notepad" window to position (32,32)
<#>
<cmds>
<if_win>("[*Notepad|Notepad|#0|#0]","OPEN",0)
   <winmove>("[*Notepad|Notepad|#0|#0]",0,32,32)
<else>
   <msg>(100,100,"'Notepad' is not opened!","Message",1)
<endif>]]>
  </sample>
</cmdHelp>