﻿<cmdHelp>
  <description>
    <![CDATA[The command resizes specified window.]]>
  </description>
<parameters>
  <p><![CDATA[Window identifier in form of Window Identification Path (WIP) or HWND.  It identifies the window that is to be closed.]]></p>
  <p>
    <![CDATA[Takes effect only if a window is identified using WIP parameter. Can be one of these values:
<br>0 - match substrings in WIP
<br>1 - match exact strings in WIP]]>
  </p>
<p><![CDATA[Desired window's width]]></p>
<p><![CDATA[Desired window's height]]></p>
</parameters>
  <sample>
    <![CDATA[<#> This macro resizes "Notepad" window to size 300x200
<#>
<cmds> 

<if_win>("[*Notepad|Notepad|#0|#0]","OPEN",0)
   <winresize>("[*Notepad|Notepad|#0|#0]",0,300,200)
<else>
   <msg>(100,100,"'Notepad' is not opened!","Message",1)
<endif>]]>
  </sample>
</cmdHelp>