﻿<cmdHelp>
  <description>
    <![CDATA[The command inserts date information (e.g., 02/24/2000) into the currently active window or saves it to required <a href="http://www.macrotoolworks.com/help/variable.html" target="_blank">variable</a>.]]>
  </description>
<parameters>
<p>
  <![CDATA[The format:<br>
0 = DDMMYYYY<br>
1 = MMDDYYYY<br>
2 = DD<br>    
3 = MM<br>    
4 = DDMM<br>  
5 = MMDD<br>  
6 = MMYYYY<br>
7 = DD_January_YYYY<br>           
8 = January_DD_YYYY<br>           
9 = Friday_X_January_DD_X_YYYY<br>
10 = Friday_January_DD_X_YYYY<br>  
11 = Friday_DD_January<br>         
12 = Friday_DD_January_YYYY<br>    
13 = Friday<br>                    
14 = January<br>                   
15 = YYYY<br>                      
16 = YY<br>                        
17 = YYYYMMDD<br>                  
18 = YYYYDDMM<br>                  
19 = YYYYMM<br>                    
20 = Windows user default - short<br>                 
21 = Windows user default - long<br>                  
22 = Format for calculations and compare<br>                  
]]></p>
<p><![CDATA[Separator character: .,/- etc.]]></p>
<p><![CDATA[If 1, the day is displayed with leading zero (e.g., 02).  If 0, the day is displayed without leading zero (e.g., 2).]]></p>
<p><![CDATA[If 1, the month  is displayed with leading zero (e.g., 09).  If 0, the month is displayed without leading zero (e.g., 9).]]></p>
<p><![CDATA[The date shift in days relative to the current date.  0 for no shift (today's date), -1 for date one day back (yesterday), +1 for date one day later (tomorrow), etc.]]></p>
<p><![CDATA[<a href="http://www.macrotoolworks.com/help/variable.html" target="_blank">Variable</a> that receives the date.  If this variable name is an empty string, the date is send to active application as a set of keystrokes.]]></p>
</parameters>
  <sample>
    <![CDATA[<#> Run this example in Notepad:
Current date is: <date>(1,"/",1,1,0,"")
Current date is: <date>(10,"/",1,1,0,"")
Yesterday: <date>(1,"/",1,1,-1,"")]]>
  </sample>
</cmdHelp>