﻿<cmdHelp>
  <description>
    <![CDATA[Saves clipboard content to file. Depending on the file extension the clipboard content is saved different ways:
    <br><b>.clx</b> - whole the clipboard content (all clipboard formats) is saved
    <br><b>.txt</b> - just plain text - if available in clipboard - is saved to file
    <br><b>.bmp, .jpg, .png, .gif</b> - just picture - if available in clipboard - is saved to file]]>
  </description>
<parameters>
<p><![CDATA[Full path to the file that receives clipboard data.]]></p>
</parameters>
  <sample>
    <![CDATA[<#> This example saves clipboard data to file c:\clpdata.clx
<#>
<cmds>
<clpsave>("c:\clpdata.clx")]]>
  </sample>
</cmdHelp>