﻿<cmdHelp>
  <description>
    <![CDATA[Loads clipboard content from file. It can be a file previously created using "clipboard save" command or by "Tools\Save Clipboard Data To File" menu command.  It can be also a .txt file or a .bmp, .png, .jpg, .gif image file. This command changes clipboard content.]]>
  </description>
<parameters>
<p><![CDATA[Full path to file.]]></p>
</parameters>
  <sample>
    <![CDATA[<#> This example loads clipboard data from file "c:\clpdata.clx"
<#>
<cmds> 

<if_file>("c:\clpdata.clx","EXIST","")
   <clpload>("c:\clpdata.clx")
<else>
   <msg>(100,100,"The file 'c:\clpdata.clx' doesn't exist.","Message",1)
<endif>]]>
  </sample>
</cmdHelp>