﻿<cmdHelp>
  <description>
    <![CDATA[The command begins an optional block of macro steps. The block is executed if the associated "if" command expression is evaluated as "false". The command can be only use together with one of an "if" command.]]>
  </description>
  <sample>
    <![CDATA[<#> This example shows how to use "if" command.
<#>
<cmds>
<varset>("vNum=","Type a number:")
<if>("100<(30+%vNum%)")
<msg>(-100,-100,"Yes, this is true: 100<30+%vNum%","Message",1,,0)
<else>
<msg>(-100,-100,"No, it is not true: 100<30+%vNum%","Message",1,,2)
<endif>]]>
  </sample>
</cmdHelp>