﻿<cmdHelp>
  <description>
    <![CDATA[The command inserts text to active application (window) through clipboard simulating the paste function. The command puts text passed as the command parameter to the clipboard and then invokes "Ctrl+V" in the active application.]]>
  </description>
<parameters>
<p><![CDATA[Text (variable) to be pasted to destination application (document).]]></p>
</parameters>
  <sample>
    <![CDATA[<#> This macro pastes "Hello!" into the Notepad
<cmds>

<if_win>("[* - Notepad|Notepad|#46|#118]","OPEN",0)
   <actwin>("[* - Notepad|Notepad|#46|#118]",0,0)
   <clppastetext>("Hello!")
<else>
   <msg>(100,100,"'Notepad' is not opened!","Message",1)
<endif>]]>
  </sample>
</cmdHelp>