﻿<cmdHelp>
  <description>
    <![CDATA[The command changes the speed of keystrokes sending to the slowest rate. Macro keystrokes are sent to active application with a short delay in between them.]]>
  </description>
  <sample>
    <![CDATA[<#> This macro shows how to use 'faston/fastoff' command.
<#>
<execappex>("notepad.exe","","",0,0)<waitfor>("WIN","ACT","Notepad",10,0)<fastoff>This text is being inserted slower...
<faston>...and this text is being inserted faster.]]>
  </sample>
</cmdHelp>