﻿<cmdHelp>
  <description>
    <![CDATA[<findfilesdlg>             Find file dialog window
<findcompdlg>           Find computer dialog window
<rundlg>                    Run dialog window
<contextmenu>          Show context menu
<recbinempty>           Empty recycle bin
<shutdown>               Shutdown/Reboot
<setsystime>              Set Computer System Time
<setsysdate>              Set Computer System Date  
<post_win_msg>        Posts An Application Windows Message  

See also "System Variables" section for this topic related system variables.]]>
  </description>
</cmdHelp>