﻿<cmdHelp>
  <description>
    <![CDATA[Specifies the step in the macro where you can jump using "Jump TO" ("goto") command.]]>
  </description>
<parameters>
<p><![CDATA[Name of label that marks the step to jump to.]]></p>
</parameters>
  <sample>
    <![CDATA[<#> This macro shows how to jump to particular step in the macro
<#>
<cmds>
<begloop>(0)
<if_num>("_vLoopCounter>5")
   <msg>(100,100,"Too many loops, jumping to the end.","Message",1)
   <goto>("END")
<endif>
<endloop>

<msg>(100,100,"OK","Message",1)
<label>("END")]]>
  </sample>
</cmdHelp>