﻿<cmdHelp>
  <description>
    <![CDATA[This command stops macro execution.  If the macro is called using "run" command from other macro, also the calling macro is stopped.]]>
  </description>
  <sample>
    <![CDATA[<#> This macro shows how to use <exitmacro> command
<cmds>
<msg>(-100,-100,"Do you want to exit macro execution now?","Message",2)
<if_str>("_vMsgButton==YES")
<exitmacro>
<endif>
<msg>(-100,-100,"OK, macro execution continues then...","Message",1)]]>
  </sample>
</cmdHelp>