﻿<cmdHelp>
  <description>
    <![CDATA[Maps (connects) a network folder to local drive.]]>
  </description>
  <parameters>
    <p><![CDATA[Drive you want to map the network folder to (e.g., "X:").  It must be one letter followed by : .]]></p>
    <p><![CDATA[Network folder (for example, "\\server\mydir").]]></p>
    <p><![CDATA[User name to use to gain access rights to the network folder.]]></p>
    <p><![CDATA[Password to use to gain access rights to the network folder.]]></p>
    <p><![CDATA[Restore at next logon: 
    <br>0 - the drive is not mapped at next logon
    <br>1 - the drive will be automatically mapped at next logon]]></p>
  </parameters>
  <sample>
    <![CDATA[<#> This macro maps a network directory to local drive.
<#>
<cmds>
<netcondrive>("X:","\\server\mzdir","john","jpwd",0)]]>
  </sample>
</cmdHelp>