﻿<cmdHelp>
  <description>
    <![CDATA[Disconnects a network folder from a local drive.]]>
  </description>
  <parameters>
    <p><![CDATA[Drive you want to remove (e.g., "X:").  It must be one letter followed by : .]]></p>
    <p>
      <![CDATA[Restore at next logon: 
    <br>0 - the drive will not be automatically mapped at next logon
    <br>1 - the drive will be automatically mapped at next logon]]></p>
  </parameters>
  <sample>
    <![CDATA[<#> This macro disconnects drive from a network folder
<#>
<cmds>
<netdiscondrive>("X:", 0)]]>
  </sample>
</cmdHelp>