﻿<cmdHelp>
  <description>
    <![CDATA[Wait for a special event (window, clipboard, key, mouse) to occur.]]>
  </description>
<parameters>
<p>
  <![CDATA[Can be one of these:
<br>"WIN" - a window related event is expected
<br>"CLIP" - a clipboard related event is expected
<br>"KEY" - a specific key press is expected
<br>"MOUSE"  - a mouse click is expected
<br>"IMAGE_ON_SCREEN_EXACT" - an image on screen will appear/disappear, image must be exactly the same
<br>"IMAGE_ON_SCREEN_TOLERANT" - an image on screen will appear/disappear, image does not has to be exactly the same - some level of tolerance is allowed
<br>"WEBBROWSER" - Internet Explorer web browser is loading data
<br>"FILE" - a file is created or deleted
<br>"FOLDER" - a folder is created or deleted
]]></p>
<p>
  <![CDATA[These events are supported for particular Object:
<br>"WIN" :
<br>   - "OPEN" - wait until the window specified by Param is opened.
<br>   - "CLOSE" - wait until the window specified by Param is closed.
<br>   - "ACT" - wait until the window specified by Param is activated.
<br>   - "NOACT" - wait until the window specified by Param is deactivated.
<br>"CLIP" : 
<br>   - "EMPTY" - wait until the clipboard is emptied.
<br>   - "SET" - wait until some data are put into the clipboard.
<br>"KEY" :
   <br>- "" (key is pressed) - wait until some of the keys specified by  Param is pressed.
<br>"MOUSE" :
   <br>- "" (mouse click) - wait until mouse click specified by  Param appears.
<br>"IMAGE_ON_SCREEN_EXACT"
<br>   - "APPEAR" - wait until the image appears on screens
<br>   - "DISAPPEAR" - wait until the image disappears from screens
<br>"IMAGE_ON_SCREEN_TOLERANT"
<br>   - "APPEAR" - wait until the image appears on screens
<br>   - "DISAPPEAR" - wait until the image disappears from screens
<br>"WEBBROWSER"
<br>   - "LOADING" - wait until the web page is fully loaded
<br>"FILE"
<br>   - "CREATE" - wait until the file is created
<br>   - "DELETE" - wait until the file is deleted
<br>"FOLDER"
<br>   - "CREATE" - wait until the folder is created
<br>   - "DELETE" - wait until the folder is deleted]]></p>
<p>
  <![CDATA[Has this meaning depending on the Object:
<br>"WIN" - window title
<br>"CLIP" - not used
<br>"KEY" - can be one or more keys.  For example, if Param is "abc&#60;F6&#62;KC:27&#60;alt&#62;" the "waitfor" waits until either a or b or c or F6 or ESC or Alt key is pressed. The KC:XXX is a key code number of a key on keyboard.  The KC:XXX is showing in the main window in lower right area as keys are being hit.  This way the user can know what is key code of each keyboard key.
<br>"MOUSE" - can be one of these:
<br>   &#60;mlbu&#62; - left mouse button
<br>   &#60;mmbu&#62; - middle mouse button
<br>   &#60;mrbu&#62; - right mouse button
<br>"IMAGE_ON_SCREEN_EXACT" - file path to the .bmp file with the image.
<br>"IMAGE_ON_SCREEN_TOLERANT" - file path to the .bmp file with the image.
<br>"WEBBROWSER" - web page URL.
<br>"FILE" - (full) path to the file.
<br>"FOLDER" - (full) path to the file.]]></p>
<p><![CDATA[Timeout in seconds.  If 0, the command never timeouts.  If the command timeouts then _vErr system variable is set.]]></p>
<p><![CDATA[Used only for "WIN" Object.  If 1, the window title must exactly match the Param.  If 0,  the Param can be a substring of a window title.]]></p>
</parameters>
  <sample>
    <![CDATA[<#> This macro shows how to use 'waitfor' command
<#>
<cmds>
<msg>(100,100,"Press 'Ctrl' key to continue this macro.","Message",0)
<waitfor>("KEY","","<ctrl>",5,0)
<msgoff>
<msg>(100,100,"Press left mouse button to continue this macro.","Message",0)
<waitfor>("MOUSE","","<mlbu>",5,0)
<msgoff>
<msg>(100,100,"Macro is finished.","Message",1)]]>
  </sample>
</cmdHelp>