﻿<cmdHelp>
  <description>
    <![CDATA[The command evaluates a window specific condition and if it is evaluated as "true" then following macro steps (steps between "if" and "else/endif") are executed.]]>
  </description>
<parameters>
<p><![CDATA[Window identification to check against the condition.]]></p>
<p>
  <![CDATA[Condition can be one from  the following:
<br>"OPEN" - the <if_win> statement is true if window with the WinTitle is opened (exist).
<br>"CLOSE" - the <if_win> statement is true if window with the WinTitle is not opened (no more exist).
<br>"ACT" - the <if_win> statement is true if window with the WinTitle is active (top most, receives keyboard events).
<br>"NOACT" - the <if_win> statement is true if window with the WinTitle is not active (not receives keyboard events).]]></p>
<p>
  <![CDATA[If 1, window identification must exactly match the window.
<br>If 0, window identification can just partially match the window.]]></p>
</parameters>
  <sample>
    <![CDATA[<#> This macro shows how to use "if_win" command
<#>
<cmds>
<if_win>("notepad","OPEN",0)
   <if_win>("Notepad","ACT",0)
      <msg>(100,100,"Notepad is opened and active.","Message",1)
   <else>
      <msg>(100,100,"Notepad is opened but not active.","Message",1)
   <endif>
<else>
   <msg>(100,100,"Notepad is not opened.","Message",1)
<endif>]]>
  </sample>
</cmdHelp>