﻿<cmdHelp>
  <description>
    <![CDATA[The command evaluates a file specific condition and if it is evaluated as "true" then following macro steps (steps between "if" and "else/endif") are executed.]]>
  </description>
<parameters>
<p><![CDATA[Full path to the file to check against the condition.]]></p>
<p>
  <![CDATA[Condition can be one from  the following:
<br>"EXIST" - the condition is true if the file exist.
<br>"NOTEXIST" - the condition is true if the file does not exist.
<br>"BIGGER" - the condition is true if the file size is bigger than the specified size.
<br>"SMALLER" - the condition is true if the file size is smaller than the specified size.
<br>"CONTAIN_NOCASE" - the condition is true if the file contains the text specified in the additional parameter. The text is compared "case insensitive".
<br>"CONTAIN_CASE" - the condition is true if the file contains the text specified in the additional parameter. The text is compared "case sensitive".
<br>"NOT_CONTAIN_NOCASE" - the condition is true if the file does not contain the text specified in the additional parameter. The text is compared "case insensitive".
<br>"NOT_CONTAIN_CASE" - the condition is true if the file does not contain the text specified in the additional parameter. The text is compared "case sensitive".
]]></p>
<p>
  <![CDATA[Additional parameter:
<br>File size in bytes for BIGGER and SMALLER conditions.
<br>Text to find in the file for CONTAINS and NOT_CONTAINS conditions.
]]></p>
</parameters>
  <sample>
    <![CDATA[<#> This macro shows how to use if-file command
<cmds>
<if_file>("somefile.txt","EXIST","0")
   <msg>(100,100,"Somefile.txt surprisingly exist!","Message",1,0,0,0)
<else>
   <msg>(100,100,"Somefile.txt file does not exist.","Message",1,0,0,0)
<endif>]]>
  </sample>
</cmdHelp>