﻿<cmdHelp>
  <description>
    <![CDATA[The command evaluates a folder specific condition and if it is evaluated as "true" then following macro steps (steps between "if" and "else/endif") are executed.]]>
  </description>
<parameters>
<p><![CDATA[Full path to folder to check against the condition.]]></p>
<p>
  <![CDATA[Condition can be one from  the following:
<br>"EXIST" - the condition is true if the directory exist.
<br>"NOTEXIST" - the condition is true if the directory does not exist.]]></p>
<p><![CDATA[Must be empty.]]></p>
</parameters>
  <sample>
    <![CDATA[<#> This macro shows how to use if-dir command
<#>
<cmds>
<if_dir>("c:\windows","EXIST","")
   <msg>(100,100,"'c:\windows' exist.","Message",1)
<else>
   <msg>(100,100,"'c:\windows' NOT exist.","Message",1)
<endif>]]>
  </sample>
</cmdHelp>