﻿<cmdHelp>
  <description>
    <![CDATA[The command evaluates the clipboard specific condition and if it is evaluated as "true" then following macro steps (steps between "if" and "else/endif") are executed.]]>
  </description>
<parameters>
<p><![CDATA[Condition can be one from  the following:
<br>"EMPTY" - the condition is true if the clipboard is empty.
<br>"SET" - the condition is true if the clipboard contains some data.]]></p>
<p><![CDATA[Must be empty.]]></p>
</parameters>
  <sample>
    <![CDATA[<#> This macro shows how to use if-clp command
<#>
<cmds>
<if_clp>("EMPTY","")
   <msg>(100,100,"Clipboard is empty.","Message",1)
<else>
   <varset>("vEmpty=YES/NO","Clipboard is not empty. Do you want to empty it now?")
   <if_str>("vEmpty==YES")
      <clpempty>
   <endif>
<endif>]]>
  </sample>
</cmdHelp>