﻿<cmdHelp>
  <description>
    <![CDATA[Puts text data or file shortcut to clipboard.  This command changes clipboard content.]]>
  </description>
<parameters>
<p><![CDATA[Text to be put into the clipboard. It is also possible to put a file shortcut to the clipboard this way: FILE:file path. Example: <clpput>("FILE:c:\temp\file.txt") command puts shortcut to "c:\temp\file.txt" file to clipboard so that the file then can be copied using Windows Explorer "Paste" menu command.]]></p>
</parameters>
  <sample>
    <![CDATA[<#> This macro puts data you type to clipboard
<#>
<cmds>
<varset>("vData=","Type text you want to put to clipboard")
<clpput>("vData")]]>
  </sample>
</cmdHelp>