﻿<cmdHelp>
  <description>
    <![CDATA[Downloads file from a remote FTP server.]]>
  </description>
<parameters>
<p><![CDATA[Full path to the file on local machine.  If the file already exists it will be overwritten without a prior prompt.]]></p>
<p><![CDATA[Full path to the remote file (e.g., ftp://pitrinec.com/pub/test.txt).  The file path can contain * and ? wildcards.  In such a case the "LocalFile" parameter must contain folder where to store multiple files received.]]></p>
<p><![CDATA[User login name.  If empty the "anonymous" is considered.]]></p>
<p><![CDATA[User name login password.]]></p>
</parameters>
  <sample>
    <![CDATA[<#> This macro downloads "test.txt" file from pitrinec.com
<#> 
<cmds>

<msg>(32,32,"Where To Save Downloaded File?","Message",0)
<var_oper>(vLocalFolder,"",SELECT_FOLDER,"","", "0")
<if_str>("_vCanceled==1")<#>
<exitmacro><#>
<endif>
<msgoff>

<ftp_getfile>("%vLocalFolder%\test.txt","ftp://pitrinec.com/pub/test.txt","anonymous","")

<msg>(-100,-100,"File is downloaded. Do you want to open it?","Message",2)
<if_str>("_vMsgButton==YES")
   <fileopen>("%vLocalFolder%\test.txt",0)
<endif>
]]>
  </sample>
</cmdHelp>