﻿<cmdHelp>
  <description>
    <![CDATA[This command loads (textual) data from file (whole the content) to the given variable.]]>
  </description>
<parameters>
<p><![CDATA[Variable that receives the file content (text).]]></p>
<p><![CDATA[Path to the file with data (e.g., "c:\mydocuments\data.txt").]]></p>
<p><![CDATA[Must be empty string.]]></p>
</parameters>
  <sample>
    <![CDATA[<#> This macro loads the file content to variable
<#>
<cmds>
<var_oper>(vFile,"",SELECT_FILE,"Select File","", "0")
<data_load>("%vFileData%","vFile","")
<msg>(-100,-100,"vFileData","File Content",1)]]>
  </sample>
</cmdHelp>