﻿<cmdHelp>
  <description>
    <![CDATA[Save textual data to file.]]>
  </description>
  <parameters>
<p><![CDATA[Text to be saved (or variable containing text to be saved).]]></p>
<p><![CDATA[Path to the file (e.g., "c:\mydocuments\data.txt").]]></p>
<p><![CDATA[Can be one of the following values:
<br>"A" - the data will be appended to the end of the file
<br>"O" - the data will be written to the begin of the file]]></p>
  </parameters>
  <sample>
    <![CDATA[<#> This macro adds current date to a new line in the end of the file.
<#>
<cmds>
<var_oper>(vFile,"",SELECT_FILE,"Select File","", "0")
<varset>("vData=%_vKeyReturn%%_vCurrDate_MMDDYYYY%","")
<data_save>("vData","vFile","A")]]>
  </sample>
</cmdHelp>