﻿<cmdHelp>
  <description>
    <![CDATA[Uploads file(s) to a remote FTP server.]]>
  </description>
<parameters>
<p><![CDATA[Path to the file on local machine.  The path can contain * and ? wildcards.]]></p>
<p><![CDATA[Path to the remote file (e.g., ftp://pitrinec.com/pub/about.txt).  If the "LocalFile" field contains wildcards then this field specifies directory where to upload multiple files (e.g., ftp://pitrinec.com/pub/).]]></p>
<p><![CDATA[User login name.  If empty the "anonymous" is considered.]]></p>
<p><![CDATA[User name login password.]]></p>
</parameters>
  <sample>
    <![CDATA[<#> This macro uploads files to pitrinec.com
<#> 
<ftp_putfile>("c:\temp\_c*.txt","ftp://pitrinec.com/anon_ftp/pub/","YOUR_USER_NAME","YOUR_PASSWORD")]]>
  </sample>
</cmdHelp>