﻿<cmdHelp>
  <description>
    <![CDATA[Deletes file from a remote FTP server.]]>
  </description>
<parameters>
<p><![CDATA[Must be empty.]]></p>
<p><![CDATA[Full path to the remote file (e.g., ftp://softwareutilities.com/about.txt).  The path can contain * and ? wildcards.]]></p>
<p><![CDATA[User login name.  If empty the "anonymous" is considered.]]></p>
<p><![CDATA[User name login password.]]></p>
</parameters>
  <sample>
    <![CDATA[<#> This macro deletes file from FTP server
<#>
<cmds>

<form_item>("fm1","Remote file to delete:","EDIT","","vRemoteFile")
<form_item>("fm1","User:","EDIT","","vUser")
<form_item>("fm1","Password:","EDIT","","vPassword") 

<form_show>("fm1","FTP: Delete File","shell32.dll",32)
<if_str>("_vCanceled==1")<exitmacro><endif> 

<ftp_delfile>("","vRemoteFile","vUser","vPassword")]]>
  </sample>
</cmdHelp>