﻿<cmdHelp>
  <description>
    <![CDATA[Renames file on a remote FTP server.]]>
  </description>
<parameters>
<p><![CDATA[Full path to the original remote file (e.g., ftp://softwareutilities.com/original.txt).]]></p>
<p><![CDATA[Full path to the remote new file (e.g., ftp://softwareutilities.com/renamed.txt).]]></p>
<p><![CDATA[User login name.  If empty the "anonymous" is considered.]]></p>
<p><![CDATA[User name login password.]]></p>
</parameters>
  <sample>
    <![CDATA[<#> This macro uploads file to an FTP server
<#>
<cmds> 

<form_item>("fm1","Remote file - old name:","EDIT","","vRemoteFileOld")
<form_item>("fm1","Remote file - new name:","EDIT","","vRemoteFileNew")
<form_item>("fm1","User:","EDIT","","vUser")
<form_item>("fm1","Password:","EDIT","","vPassword") 

<form_show>("fm1","File Rename","shell32.dll",1)
<if_str>("_vCanceled==1")<exitmacro><endif> 

<ftp_renamefile>("vRemoteFileOld","vRemoteFileNew","vUser","vPassword")]]>
  </sample>
</cmdHelp>