﻿<cmdHelp>
  <description>
    <![CDATA[Creates new directory on a remote FTP server.]]>
  </description>
<parameters>
<p><![CDATA[Must be empty.]]></p>
<p><![CDATA[Full path to the remote directory to create (e.g., ftp://softwareutilities.com/newdir).]]></p>
<p><![CDATA[User login name.  If empty the "anonymous" is considered.]]></p>
<p><![CDATA[User name login password.]]></p>
</parameters>
  <sample>
    <![CDATA[<#> This macro creates new directory on FTP server
<#>
<cmds>

<form_item>("fm1","Remote directory to create:","EDIT","","vRemoteDir")
<form_item>("fm1","User:","EDIT","","vUser")
<form_item>("fm1","Password:","EDIT","","vPassword")

<form_show>("fm1","FTP: Create Directory","shell32.dll",3)
<if_str>("_vCanceled==1")<exitmacro><endif>

<ftp_createdir>("","vRemoteDir","vUser","vPassword")]]>
  </sample>
</cmdHelp>