﻿<cmdHelp>
  <description>
    <![CDATA[Deletes directory on a remote FTP server.]]>
  </description>
<parameters>
<p><![CDATA[Must be empty.]]></p>
<p><![CDATA[Full path to the remote directory to delete (e.g., ftp://softwareutilities.com/dir).]]></p>
<p><![CDATA[User login name.  If empty the "anonymous" is considered.]]></p>
<p><![CDATA[User name login password.]]></p>
</parameters>
  <sample>
    <![CDATA[<#> This macro deletes directory on FTP server
<#>
<cmds>

<form_item>("fm1","Remote directory to delete:","EDIT","","vRemoteDir")
<form_item>("fm1","User:","EDIT","","vUser")
<form_item>("fm1","Password:","EDIT","","vPassword")

<form_show>("fm1","FTP: Delete Directory","shell32.dll",31)
<if_str>("_vCanceled==1")<exitmacro><endif>

<ftp_deldir>("","vRemoteDir","vUser","vPassword")]]>
  </sample>
</cmdHelp>