﻿<cmdHelp>
  <description>
    <![CDATA[This command closes specified window.  If the window is main application window this command causes the application is closed.]]>
  </description>
<parameters>
<p><![CDATA[Window identifier in form of Window Identification Path (WIP) or HWND.  It identifies the window that is to be closed.]]></p>
<p><![CDATA[Takes effect only if a window is identified using WIP parameter. Can be one of these values:
<br>0 - match substrings in WIP
<br>1 - match exact strings in WIP]]></p>
</parameters>
  <sample>
    <![CDATA[<#> This macro closes "Notepad" window
<#>
<cmds>

<if_win>("[* - Notepad|Notepad|#566|#124]","OPEN",0)
   <winclose>("[* - Notepad|Notepad|#566|#124]",0)
<else>
   <msg>(100,100,"'Notepad' is not opened!","Message",1)
<endif>]]>
  </sample>
</cmdHelp>