﻿<cmdHelp>
  <description>
    <![CDATA[Starts an application or opens a file or web page.]]>
  </description>
<parameters>
<p><![CDATA[(Full) path to the application's file (e.g., "c:\program files\app\app.exe").]]></p>
<p><![CDATA[List of parameters the application should be started with (e.g., "/n /g").]]></p>
<p><![CDATA[Start up directory.  The directory is made current before the application is started.]]></p>
<p>
  <![CDATA[The state of the window:
<br>0 - Normal
<br>1 - Maximized
<br>2 - Minimized
<br>3 - Hidden]]></p>
<p><![CDATA[Must be 0.]]></p>
<p><![CDATA[Insert timeout in seconds if it is desired to wait with further macro execution until the started application finishes.  If this parameter is 0 or left blank then the macro execution continues immediately without waiting for application to finish.]]></p>
</parameters>
  <sample>
    <![CDATA[<#> This command starts Notepad maximized.
<#>
<cmds>
<execappex>("notepad.exe","","",1,0)]]>
  </sample>
</cmdHelp>