﻿<cmdHelp>
  <description>
    <![CDATA[This command changes a macro icon.]]>
  </description>
  <parameters>
    <p><![CDATA[Name of the macro.  The macro with this name must exist otherwise the command fails.]]></p>
    <p><![CDATA[Full path to a file containing icon (exe, dll, ico, etc.).]]></p>
    <p><![CDATA[Index of the icon within the IconFilePath.]]></p>
  </parameters>
  <sample>
    <![CDATA[<#>This macro changes icon of macro named "M1"
<me_changeicon>("M1","notepad.exe",0)]]>
  </sample>
</cmdHelp>