﻿<cmdHelp>
  <description>
    <![CDATA[This command shuts down/reboot computer or log off user.]]>
  </description>
<parameters>
<p>
  <![CDATA[Can be one of these values:
<br>"LOGOFF"
<br>"REBOOT"
<br>"SHUTDOWN"
<br>"POWEROFF"]]></p>
<p><![CDATA[If 1, the shutdown will be forced even if there is an application that prevents system from shutdown. If 0, the shutdown will proceed only if all the running applications accepts system shutdown query.]]></p>
</parameters>
  <sample>
    <![CDATA[<#> This macro will reboot computer
<#>
<cmds>
<shutdown>("REBOOT",0)]]>
  </sample>
</cmdHelp>