﻿<cmdHelp>
  <description>
    <![CDATA[This command displays the form with fields previously added by "form_item" commands.  If the the "Cancel" button is clicked or Esc key is pressed then the _vCanceled system variable is set to 1. Otherwise it is 0 indicating the user did not cancel the form.]]>
  </description>
  <parameters>
<p><![CDATA[An identifier of the form (for example, "FM1").]]></p>
<p><![CDATA[The title of the form window.]]></p>
<p><![CDATA[The full path to the file with the icon to show.]]></p>
<p><![CDATA[Index of the icon within the icon file.]]></p>
<p><![CDATA[Width of the form window in pixels.  If left empty, the default value is used.]]></p>
<p><![CDATA[If set to 1, all form fields are removed after the form is closed.  It is necessary to call "form_item" commands before the same form can be shown again by "form_show" command. If the option is 0 then the form fields remain attached to the form.]]></p>
<p><![CDATA[X-coordinate of the form position on the computer screen.  If not supplied, the form is centered.]]></p>
<p><![CDATA[Y-coordinate of the form position on the computer screen.  If not supplied, the form is centered.]]></p>
<p><![CDATA[If this parameter is set to "1" then "OK" and "Cancel" buttons are automatically displayed in the form. If this parameter is set to "0" then "OK" and "Cancel" buttons are not showing in the form window and it contains only controls that are added by "form_item" command.]]></p>
<p><![CDATA[Number of columns. It is possible to arrange the fields into multiple columns.]]></p>
  </parameters>
  <sample>
    <![CDATA[<#> This example shows how to use form commands
<cmds>
 <form_item>("FM1","This is a simple calculator for: + - * /","TEXT","0","",1)
<form_item>("FM1","","LINE","0","",1)
<form_item>("FM1","Operand 1:","EDIT","0","vOper1",1)
<form_item>("FM1","Operation:","LIST","Plus|Minus|Multiply|Divide","vOperation",1)
<form_item>("FM1","Operand 2:","EDIT","0","vOper2",1)
<form_item>("FM1","","LINE","0","",1)
<form_item>("FM1","Continue ?","CHECK","YES","vAgain",1) 
<label>("lbl_Again")

<form_show>("FM1","Simple Calculator","calc.exe",0,500,0,,,1,1)
<if_str>("_vCanceled==1") <exitmacro> <endif>

<if_str>("vOperation==Plus")<#>
<varset>("vOper1=EXPR(%vOper1%+%vOper2%)","")
<endif>
<if_str>("vOperation==Minus")
   <varset>("vOper1=EXPR(%vOper1%-%vOper2%)","")
<endif>
<if_str>("vOperation==Multiply")
   <varset>("vOper1=EXPR(%vOper1%*%vOper2%)","")
<endif>
<if_str>("vOperation==Divide")
   <varset>("vOper1=EXPR03(%vOper1%/%vOper2%)","")
<endif>
<msg>(-100,-100,"vOper1","The result is:",1,,0)
<if_str>("vAgain==YES")
   <goto>("lbl_Again")
<endif>]]>
  </sample>
</cmdHelp>