﻿<cmdHelp>
  <description>
    <![CDATA[This command adds a field to a form.]]>
  </description>
  <parameters>
<p><![CDATA[An identifier of the form (for example, "FM1") to which the item will be added.]]></p>
<p><![CDATA[The label that appears above the control in the form window.]]></p>
<p>
  <![CDATA[Item type can be one of these:
<br>"LIST" - selection from list of values defined as a string of values delimited by | character. Example: Item1|Item2|Item3
<br>"EDIT" - edit control (single line)
<br>"EDIT_ML5" - edit control (5 lines)
<br>"EDIT_ML10" - edit control (10 lines)
<br>"CHECK" - check box button
<br>"LINE" - static line
<br>"TEXT" - static text
<br>"BUTTON" - button
<br>"PWD" - password input box
<br>"RADIO" - radio button
<br>"EDIT_FILE" - file path
<br>"EDIT_FOLDER" - folder path]]></p>
<p><![CDATA[Defines default the value (the value that initially appears in the form).  Check button (CHECK) and radio button (RADIO) have YES or NO values.]]></p>
<p>
  <![CDATA[Variable that receives the data (value) the user enters. Check button (CHECK) and radio button (RADIO) have YES or NO values.
]]></p>
  </parameters>
  <sample>
    <![CDATA[<#> This example shows how to use form commands
<cmds>
 <form_item>("FM1","This is a simple calculator for: + - * /","TEXT","0","",1)
<form_item>("FM1","","LINE","0","",1)
<form_item>("FM1","Operand 1:","EDIT","0","vOper1",1)
<form_item>("FM1","Operation:","LIST","Plus|Minus|Multiply|Divide","vOperation",1)
<form_item>("FM1","Operand 2:","EDIT","0","vOper2",1)
<form_item>("FM1","","LINE","0","",1)
<form_item>("FM1","Continue ?","CHECK","YES","vAgain",1) 
<label>("lbl_Again")

<form_show>("FM1","Simple Calculator","calc.exe",0,500,0,,,1,1)
<if_str>("_vCanceled==1") <exitmacro> <endif>

<if_str>("vOperation==Plus")<#>
<varset>("vOper1=EXPR(%vOper1%+%vOper2%)","")
<endif>
<if_str>("vOperation==Minus")
   <varset>("vOper1=EXPR(%vOper1%-%vOper2%)","")
<endif>
<if_str>("vOperation==Multiply")
   <varset>("vOper1=EXPR(%vOper1%*%vOper2%)","")
<endif>
<if_str>("vOperation==Divide")
   <varset>("vOper1=EXPR03(%vOper1%/%vOper2%)","")
<endif>
<msg>(-100,-100,"vOper1","The result is:",1,,0)
<if_str>("vAgain==YES")
   <goto>("lbl_Again")
<endif>]]>
  </sample>
</cmdHelp>