﻿<cmdHelp>
  <description>
    <![CDATA[This command retrieves information (size, creation time, last access time, last modification time) about specified file.]]>
  </description>
<parameters>
<p><![CDATA[(Full) path to the file (e.g., "c:\mydocuments\file.doc").]]></p>
<p>
  <![CDATA[Type of the information to be retrieved.  Can be one of the following values:
<br>"SIZE" - retrieves file size
<br>"TIME_WRITE" - retrieves the last modification time
<br>"TIME_ACCESS" - retrieves the last access time
<br>"TIME_CREATE" - retrieves the creation time]]></p>
<p><![CDATA[Variable that receives the result.]]></p>
</parameters>
  <sample>
    <![CDATA[<#> This macro retrieves information about the file you select
<cmds>
<var_oper>(vFile,"",SELECT_FILE,"Select File","", "0")
<if_file>("%vFile%","EXIST","0")<#>
   <fileinfo>("vFile","SIZE","vFileSize")
   <fileinfo>("vFile","TIME_WRITE","vFileTime")
   <msg>(-100,-100,"File size is: %vFileSize%
Last modification time is: %vFileTime%","File Info",1)<#>
<endif>]]>
  </sample>
</cmdHelp>