﻿<cmdHelp>
  <description>
    <![CDATA[This command changes specified window state.]]>
  </description>
<parameters>
<p><![CDATA[Window identifier in form of Window Identification Path (WIP) or HWND.  It identifies the window that state is to be changed.]]></p>
<p>
  <![CDATA[Can be one of these values:
<br>"MIN"
<br>"RESTORE"
<br>"MAX"
<br>"ALWAYS_TOP"
<br>"NOT_ALWAYS_TOP"
<br>"HIDE"
<br>"SHOW"]]></p>
</parameters>
  <sample>
    <![CDATA[<#> This macro minimizes "Notepad" window
<cmds>
<if_win>("[* - Notepad|Notepad|#0|#119]","OPEN",0)
   <winstate>("[* - Notepad|Notepad|#0|#119]","MIN")
<else>
   <msg>(100,100,"'Notepad' is not opened!","Message",1)
<endif>]]>
  </sample>
</cmdHelp>