﻿<cmdHelp>
  <description>
    <![CDATA[The command evaluates a numeric expression and if it is evaluated as "true" then following macro steps (steps between "if" and "else/endif") are executed. The expression can NOT contain EXPR(...) syntax.]]>
  </description>
<parameters>
<p>
  <![CDATA[Expression can contain brackets () and these operators are available:
<br>== (is equal)
<br>!= (is not equal)
<br><= (is smalller or equal)
<br>< (is smaller)
<br>>= (is bigger or equal)
<br>> (is bigger)
<br>_AND_ (the condition is true AND also following condition is true)
<br>_OR_ (the condition is tru OR the following condition is true)

<br>
<br>Expression examples:
<br>Var1==Var2
<br>100<%vNum%+10
<br>(x>y) _OR_ (x+10<y)]]></p>
</parameters>
  <sample>
    <![CDATA[<#> This example shows how to use "if" command.
<#>
<cmds>
<varset>("vNum=","Type a number:")
<if_num>("100<(30+%vNum%)")
<msg>(-100,-100,"Yes, this is true: 100<30+%vNum%","Message",1,,0)
<else>
<msg>(-100,-100,"No, it is not true: 100<30+%vNum%","Message",1,,2)
<endif>]]>
  </sample>
</cmdHelp>