﻿<cmdHelp>
  <description>
    <![CDATA[The command evaluates a numeric expression and if it is evaluated as "true" then following macro steps (steps between "if" and "else/endif") are executed. All operands in the expression are considered to be strings (unlike "if_num" that consideres all operands to be numbers).]]>
  </description>
<parameters>
<p>
  <![CDATA[Expression can contain brackets () and these operators are available:
<br>== (is equal)
<br>!= (is not equal)
<br><=
<br><
<br>>=
<br>>
<br>~= (contains substring)
<br>_AND_
<br>_OR_
<br>
<br>Expression examples:
<br>%Var1%==%Var2%
<br>str1<str2
<br>%vText%~=substring
<br>(str1<str2) _AND_ (%vText%~=substring)]]></p>
</parameters>
  <sample>
    <![CDATA[<#> This example shows how to use "if_str" command.
<cmds>
<varset>("v=","Type 'Hello' here")
<if_str>("%v%==Hello")
   <msg>(-100,-100,"Yes! You really typed 'Hello'.","Message",1,,0)
<else>
   <msg>(-100,-100,"No, you have typed something else....","Message",1,,2)
<endif>]]>
  </sample>
</cmdHelp>