﻿<cmdHelp>
  <description>
    <![CDATA[Debugger build in this program allows user to walk through macro step-by-step.  It is possible to let run macro in normal speed until it reaches "-dbp-" debug break point (there can be many of them within macro). The debug break point just stops macro execution in debugger. When macro is not running in debugging mode then this command has no effect.]]>
  </description>
  <sample>
    <![CDATA[<#> This macro shows how to use 'debug break point'
<#>
<cmds>
<msg>(-100,-100,"Message 1","Message",1)
<msg>(-100,-100,"Message 2","Message",1)
<-dbp->
<msg>(-100,-100,"Message 3","Message",1)]]>
  </sample>
</cmdHelp>