﻿<cmdHelp>
  <description>
    <![CDATA[This command creates a registry key. There are these registry roots supported:
    <br>HKEY_CLASSES_ROOT
    <br>HKEY_CURRENT_CONFIG
    <br>HKEY_CURRENT_USER
    <br>HKEY_LOCAL_MACHINE
    <br>HKEY_USERS
    <br>HKEY_PERFORMANCE_DATA
    <br>HKEY_DYN_DATA]]>
  </description>
<parameters>
<p><![CDATA[Full path of registry key to be created.  Example: "HKEY_CURRENT_USER\Software\MyCompany\NewKey"]]></p>
</parameters>
  <sample>
    <![CDATA[<#> This command create new 'TestKey key 
<#> in 'HKEY_CURRENT_USER\Software'
<cmds>
<reg_createkey>("HKEY_CURRENT_USER\Software\TestKey")]]>
  </sample>
</cmdHelp>