﻿<cmdHelp>
  <description>
    <![CDATA[This command deletes specified registry key. There are these registry roots supported:
    <br>HKEY_CLASSES_ROOT
    <br>HKEY_CURRENT_CONFIG
    <br>HKEY_CURRENT_USER
    <br>HKEY_LOCAL_MACHINE
    <br>HKEY_USERS
    <br>HKEY_PERFORMANCE_DATA
    <br>HKEY_DYN_DATA]]>
  </description>
<parameters>
<p><![CDATA[Full path of registry key to be deleted.  Example: HKEY_CURRENT_USER\Software\MyCompany\NewKey]]></p>
</parameters>
  <sample>
    <![CDATA[<#> This command deletes 'TestKey' key 
<#> from 'HKEY_CURRENT_USER\Software'
<cmds>
<reg_deletekey>("HKEY_CURRENT_USER\Software\TestKey")]]>
  </sample>
</cmdHelp>