﻿<cmdHelp>
  <description>
    <![CDATA[This command enumerates all values of the given key.  The result (array of subkeys names) is saved in variable. There are these registry roots supported:
    <br>HKEY_CLASSES_ROOT
    <br>HKEY_CURRENT_CONFIG
    <br>HKEY_CURRENT_USER
    <br>HKEY_LOCAL_MACHINE
    <br>HKEY_USERS
    <br>HKEY_PERFORMANCE_DATA
    <br>HKEY_DYN_DATA]]>
  </description>
<parameters>
<p><![CDATA[Full path of registry key to be deleted.  Example: HKEY_CURRENT_USER\Software\MyCompany\NewKey]]></p>
<p><![CDATA[Variable (array) that receives values found.]]></p>
<p><![CDATA[Variable that receives number of values found.]]></p>
</parameters>
  <sample>
    <![CDATA[<#> This example shows how to enumerate registry values 
<#>
<cmds>
<reg_enumvalues>("HKEY_CURRENT_USER\Software\Microsoft\Windows\CurrentVersion\Explorer","vValue","vNumOfValues")
<msg>(-100,-100,"There are %vNumOfValues% registry subkeys of 'HKEY_CURRENT_USER\Software\Microsoft\Windows\CurrentVersion\Explorer' registry key. Showing first three:
 
%vValue[0]%
%vValue[1]%
%vValue[2]%
","Message",1)]]>
  </sample>
</cmdHelp>