﻿<cmdHelp>
  <description>
    <![CDATA[This command enumerates files/folders from the given folder using a defined mask (wildcards).]]>
  </description>
<parameters>
<p><![CDATA[File/folder selection pattern containing wildcards.  Example: "c:\windows\a*.?if" or "c:\windows\sys*".]]></p>
<p><![CDATA[1 - only subfolders are enumerated
<br>2 - only files are enumerated
<br>3 - both subfolders and files are enumerated]]></p>
<p><![CDATA[Variable (array) that receives files/folders from the Folder that match the mask.]]></p>
<p><![CDATA[Variable that receives the number of files/folders saved in the VarFiles.]]></p>
</parameters>
  <sample>
    <![CDATA[<#> This macro shows how to use 'file_enum' command.
<#>
<cmds>
<file_enum>("%_vFolder_Temp%\*.tmp",2,vFiles,vNumOfFiles)
<msg>(-100,-100,"There are %vNumOfFiles% TMP files in %_vQuoteChar%%_vFolder_Temp%%_vQuoteChar% directory.","Message",1)
<varset>("vMsg=_vStrEmpty","")
<begloop>(vNumOfFiles)
   <var_oper>(vMsg,"%vMsg%",STR_APPEND,"%_vKeyReturn%%vFiles[_vLoopCounter0]%","", "0")
<endloop>

<msg>(-100,-100,"vMsg","Message",1)]]>
  </sample>
</cmdHelp>