﻿<cmdHelp>
  <description>
    <![CDATA[This command sends an e-mail without any user's interaction using default e-mail client.]]>
  </description>
  <parameters>
<p><![CDATA[E-mail subject field.]]></p>
<p><![CDATA[Message text.]]></p>
<p><![CDATA[E-mail address where to send the e-mail. Example: someone@somewhere.net]]></p>
<p><![CDATA[E-mail address of whom to send CC (carbon copy). Example: someone@somewhere.net]]></p>
<p><![CDATA[E-mail address of whom to send BCC (blind carbon copy). Example: someone@somewhere.net]]></p>
<p><![CDATA[Full path to files that will be sent along with the e-mail message.  The files are delimited by comma.]]></p>
  </parameters>
  <sample>
    <![CDATA[<#> This command automatically sends an e-mail message
<#>
<cmds>
<email_send>("Hello","Hello,
this is just a sample e-mail...","someone@somewhere.net","","","C:\documents\doc1.doc")]]>
  </sample>
</cmdHelp>