﻿<cmdHelp>
  <description>
    <![CDATA[Retrieves color on the given position on screen.]]>
  </description>
<parameters>
<p><![CDATA[X-coordinate (in screen coordinates) of the point.]]></p>
<p><![CDATA[Y-coordinate (in screen coordinates) of the point.]]></p>
<p><![CDATA[Variable that receives the color (as a number).]]></p>
</parameters>
  <sample>
    <![CDATA[<#> This macro will show how to use 'get pixel' command:
<#>
<cmds>

<msg>(-100,-100,"Move mouse cursor to white color area and press 'Enter' key.","Message",1)

<display_getpixel>(_vMousePosX,_vMousePosY,vColor)

<if_num>("vColor==16777215")
   <msg>(-100,-100,"Yes, mouse cursor is on white color area.","Message",1)
<else>
   <msg>(-100,-100,"No, mouse cursor is not on white color area.","Message",1)
<endif>]]>
  </sample>
</cmdHelp>