﻿<cmdHelp>
  <description>
    <![CDATA[This command changes wallpaper on Windows desktop.]]>
  </description>
<parameters>
<p><![CDATA[Full path to file with wallpaper image.]]></p>
</parameters>
  <sample>
    <![CDATA[<#> This macro changes wallpaper image
<#>
<cmds>

<var_oper>(vWallpaperFile,"c:\winnt\*.bmp",SELECT_FILE,"","", "0")

<if_str>("vWallpaperFile != _vEmptyStr")
   <display_changewallpaper>(vWallpaperFile)
   <msg>(-100,-100,"Wallpaper changed!","Message",1)
<endif>]]>
  </sample>
</cmdHelp>