﻿<cmdHelp>
  <description>
    <![CDATA[This command kills defined process.  Killing process is different from closing application (window) using "winclose" command.  Killing process may result in loss of unsaved data in the process.]]>
  </description>¨
<parameters>
<p><![CDATA[Name of the executable file (example: notepad.exe) to kill or process identification number (example: 6712).]]></p>
</parameters>
  <sample>
    <![CDATA[<#> This example kills Notepad 
<#> 
<cmds>
<process_kill>(notepad.exe)]]>
  </sample>
</cmdHelp>