﻿<cmdHelp>
  <description>
    <![CDATA[This command checks whether specified process is running or not. If the condition is evaluated as "true" then macro steps between "if" and "else/endif" are executed.]]>
  </description>
<parameters>
    <p><![CDATA[Name of the executable file (example: notepad.exe) or process identification number (example: 101876).]]></p>
    <p><![CDATA[Must be one of these values:
<br>EXIST
<br>NOT_EXIST]]></p>
</parameters>
  <sample>
    <![CDATA[<#> This example checks whether Notepad is running
<#> 
<cmds>
<if_process>(notepad.exe,EXIST)
   <msg>(-100,-100,"Notepad is running.","Message",1)
<else>
   <msg>(-100,-100,"Notepad is NOT running.","Message",1)
<endif>]]>
  </sample>
</cmdHelp>