﻿<cmdHelp>
  <description>
    <![CDATA[Enables or disables specified macro group.]]>
  </description>
<parameters>
<p><![CDATA[Name of the macro group to enable/disable.  The macro group with this name must exist otherwise the command fails.]]></p>
<p><![CDATA[0 - disable
<br>1 - enable]]></p>
<p><![CDATA[Must be 0.]]></p>
</parameters>
  <sample>
    <![CDATA[<#> This macro will disable all macros from 'GRP1' group (if exists)
<#>
<cmds>
<me_macroenable_group>("GRP1",0,0)]]>
  </sample>
</cmdHelp>