﻿<cmdHelp>
  <description>
    <![CDATA[This command adds a new item to menu shown on the screen using "menu_show" command.]]>
  </description>
<parameters>
<p><![CDATA[Name of the item as it shows in the menu.  To add submenu items insert '.' (dot) to begin of the item name.  To specify end of the submenu, insert just '.' Item.  To underline a specific character within the item, insert '&' character right before it.]]></p>
<p><![CDATA[This is an optional parameter.  If it is supplied, the "menu_show" command returns item identifier rather than item name.]]></p>
<p><![CDATA[File containing an icon (.exe, .dll, .ico).]]></p>
<p><![CDATA[Position of the icon in the file.]]></p>
</parameters>
  <sample>
    <![CDATA[<#> This macro will show how to use 'menu_additem'
<#> and 'menu_show' commands
<cmds>
<menu_additem>("Item 1","","shell32.dll",3)
<menu_additem>("Item 2","","shell32.dll",4)
<menu_additem>("Item 3","","shell32.dll",5)
<menu_additem>(".Item 1 - 1","","shell32.dll",6)
<menu_additem>(".Item 1 - 2","","shell32.dll",7)
<menu_additem>(".Item 1 - 3","","shell32.dll",8)
<menu_additem>(".Item 1 - 4","","shell32.dll",9)
<menu_additem>(".") 
<menu_show>(-1,-1,vItem,1,1) 
<if_str>("vItem != NO")
   <msg>(-100,-100,"Selected item is: %vItem%","Message",1)
<endif>]]>
  </sample>
</cmdHelp>