﻿<cmdHelp>
  <description>
    <![CDATA[This command shows a menu consisting from (enabled) macros found in the defined macro group.  Clicking on a menu item (macro) will cause that the macro is started.]]>
  </description>
<parameters>
<p><![CDATA[X-coordinate of the menu position.  If Xpos is -1 and Ypos is also -1, the menu appears on mouse cursor position.]]></p>
<p><![CDATA[Y-coordinate of the menu position.  If Xpos is -1 and Ypos is also -1, the menu appears on mouse cursor position.]]></p>
<p><![CDATA[Macros (name of the macro) from this group will show in the menu.]]></p>
<p><![CDATA[Can be one of these values:
<br>2 - default behavior.
<br>3 - a prefix (1-9, a-z) is added before each macro name in the menu.  This allows user to run macro by pressing the prefix key.
<br><br>The macro menu is by default sorted alphabetically.  If the +4 are added to the options above (so that the options number will be either 6 or 7) then the macro menu is to sorted based on the "Order" column in the macro listing in main window.]]></p>
</parameters>
  <sample>
    <![CDATA[<#> This macro will open menu with macros from
<#> 'New Macro Group' group
<cmds>
<macromenu>(-1,-1,"New Macro Group",3)]]>
  </sample>
</cmdHelp>