﻿<cmdHelp>
  <description>
    <![CDATA[Copies selected data (text in a word processor, graphics in a graphics program, file in Windows Explorer, etc.) to clipboard.  This command mimics pressing Ctrl+C (or Ctrl+Insert) key combination.]]>
  </description>
<parameters>
<p><![CDATA[0 - Ctrl+C key combination is used to copy the data to clipboard.
<br>1 - Ctrl+Insert key combination is used to copy the data to clipboard.]]></p>
</parameters>
  <sample>
    <![CDATA[<#> This example copies selected data to clipboard
<#>
<cmds>
<me_error_nodisplay>
<clp_copyselected>(0)
<if_str>("_vErr != NO")
   <msg>(-100,-100,"Cannot save data to clipboard - no text (or other object) is selected.","Message",1)
<endif>]]>
  </sample>
</cmdHelp>