﻿<cmdHelp>
  <description>
    <![CDATA[Dial up command connects computer to internet (ISP) using phone line.]]>
  </description>
<parameters>
<p><![CDATA[Phone book to be used to connect computer to ISP.]]></p>
<p><![CDATA[Login user name.]]></p>
<p><![CDATA[Login password.]]></p>
<p><![CDATA[Domain (* is default).]]></p>
<p><![CDATA[Must be 0.]]></p>
</parameters>
  <sample>
    <![CDATA[<#> This macro connects computer to ISP.
<#>
<cmds>
<dialup>(ISP-Home,John Smith,6yuT1,*,0)]]>
  </sample>
</cmdHelp>