﻿<cmdHelp>
  <description>
    <![CDATA[This command enumerates windows.]]>
  </description>
<parameters>
<p><![CDATA[Variable (array) that receives window title of each visible window.]]></p>
<p><![CDATA[Number of visible windows saved in VarWindows variable.]]></p>
<p>
  <![CDATA[0 - enumerate only visible windows and insert window titles to VarWindows variable
<br>1 - enumerate both visible and hidden windows and insert window titles to VarWindows variable
<br>2 - enumerate only visible windows and insert HWND to VarWindows variable
<br>3 - enumerate both visible and hidden windows and insert HWND to VarWindows variable]]></p>
</parameters>
  <sample>
    <![CDATA[<#> This macro enumerates opened windows
<#>
<cmds> 

<win_enumerate>(vWin,vNum,0)
<begloop>(vNum)
   <msg>(-100,-100,"%vWin[_vLoopCounter0]%","Message",1)
<endloop>]]>
  </sample>
</cmdHelp>