﻿<cmdHelp>
  <description>
    <![CDATA[This command performs specified Windows shell "context menu command". <br>Note: When a user right-clicks on a file in Windows Explorer a menu so called "context menu" is shown.  There are listed several commands a user can perform on the file (like "Open", "Delete", "Copy", etc.).]]>
  </description>
  <parameters>
    <p>
      <![CDATA[(Full) path to the file (e.g., "c:\mydocuments\doc1.doc") to run a command on.
Can be a static text or variable containing text.]]></p>
    <p><![CDATA[Menu command as shown on the menu.  For example: Open, Copy, Delete, etc. If the command is in submenu then use "\" to separate submenu. Example: Send To\My Documents, WinZip\Add to Zip file..., etc.
Commands can contain also wildcards (* and ?). Example: WinZ*\Add]]></p>
    <p><![CDATA[Must be 0.]]></p>
    <p><![CDATA[Must be 0.]]></p>
  </parameters>
  <sample>
    <![CDATA[<#> This command opens property dialog of "C:\temp" directory
<#>
<cmds>
<run_ctxcommand>("c:\temp",Properties,0,0)]]>
  </sample>
</cmdHelp>