﻿<cmdHelp>
  <description>
    <![CDATA[Performs selected operation on input variable (or constant string/value) and saves the result to other variable.]]>
  </description>
<parameters>
<p><![CDATA[Variable that receives result of the operation.]]></p>
<p><![CDATA[Either variable or constant text (string, numerical value) to perform operation on.]]></p>
<p>
  <![CDATA[One of these operations:
<br>
<br>CALC_EXPRESSION
<br>- calculates arithmetical expression defined by input. "Parameter 1" tells how many numbers will follow after decimal point.
<br>
<br>RANDOM_NUMBER
<br>- generates random number from 0 to "Parameter 1" range.
<br>
<br>SELECT_FILE
<br>- shows "Open File" dialog and saves full path of the selected file to "Variable for result".  If user clicks "Cancel" button the _vCanceled system variable is set to 1 (otherwise it is 0) to allow macro designer to distinguish between situations when OK or Cancel button was clicked.
<br>
<br>SELECT_FOLDER
<br>- shows "Select Folder" dialog and saves full path of the selected folder to "Variable for result".  If user clicks "Cancel" button the _vCanceled system variable is set to 1 (otherwise it is 0) to allow macro designer to distinguish between situations when OK or Cancel button was clicked.
<br>
<br>GET_TEXT_FROM_CLIPBOARD
<br>- copies text from clipboard to "Variable for result".
<br>
<br>STR_APPEND
<br>- appends the Input to the content of "Variable for result".
<br>
<br>STR_LEFT
<br>- characters from begin of the Input (number of characters is given by "Parameter 1") are copied to "Variable for result".
<br>
<br>STR_RIGHT
<br>- characters from end of the Input (number of characters is given by "Parameter 1") are copied to "Variable for result".
<br>
<br>STR_MID
<br>- characters beginning at "Parameter 1" position (number of characters is given by "Parameter 2") are copied to "Variable for result".
<br>
<br>STR_TRIMLEFT
<br>- characters specified in "Parameter 1" are deleted from begin of the Input.
<br>
<br>STR_TRIMRIGHT
<br>- characters specified in "Parameter 1" are deleted from end of the Input.
<br>
<br>STR_INSERT
<br>- string defined by "Parameter 2" is inserted to Input string to position "Parameter 1".
<br>
<br>STR_REPLACE
<br>- In the Input, original string "Parameter 1" is replaced by "Parameter 2".
<br>
<br>STR_DELETE
<br>- in the Input, deletes "Parameter 2" (number of characters to delete) characters starting at position "Parameter 1".
<br>
<br>STR_FIND
<br>- finds first occurrence of the "Parameter 1" string in the Input.  The search is started from "Parameter 2" position. If not found then the "Variable for result" contains -1.
<br>
<br>STR_FIND_NOCASE
<br>- finds (case insensitive) first occurrence of the "Parameter 1" string in the Input.  The search is started from "Parameter 2" position. If not found then the "Variable for result" contains -1.
<br>
<br>STR_UPPER
<br>- converts Input to upper case.
<br>
<br>STR_LOWER
<br>- converts Input to lower case.
<br>
<br>STR_LENGTH
<br>- returns length of the Input.
<br>
<br>STR_GET_CHAR
<br>- returns (in "Variable for result") character from the "Parameter 1" position in the Input. If position is out of the string then the "Variable for result" is empty.
<br>
<br>STR_TOGGLE_CASE
<br>- changes upper case to lower case and vice versa.
<br>
<br>STR_SENTENCE_CASE
<br>- changes first character on begin of each sentence to upper case.
<br>
<br>STR_INTERSPACES
<br>- extra space is added to next to each Input character.  Example: "ABC" is changed to "A B C".
<br>
<br>STR_FIRST_UPPER
<br>- changes first character of Input to upper case.
<br>
<br>TEXT_GET_WORD
<br>- retrieves a word from "Parameter 1" position within Input. Position is counted from 1 (position 1 means the first word). "Parameter 2" contains characters user can exclude from default word delimiters ( ';,\t\n\r?!.:").  This means that if "." is excluded from the delimiters then "www.my7thsite.com" is returned as a single word.  Otherwise it is returned as three words.
<br>
<br>TEXT_GET_NUMOFWORDS
<br>- return number of words in Input.  "Parameter 2" contains characters user can exclude from default word delimiters ( ;,\t\n\r?!.:).
<br>
<br>TEXT_GET_LINE
<br>- retrieves one row from the input text (Input parameter). Row is specified by "Parameter 1" line number (line numbers start at 1).
<br>
<br>TEXT_GET_NUMOFLINES
<br>- returns number of lines in Input.
<br>
<br>TEXT_JUSTIFY
<br>- justifies the Input text so that all lines have the same length defined by "Parameter 1".  If the "Parameter 1" is 0 then the length of all lines is the same as the first line.
<br>
<br>TEXT_INDENT_LEFT 
<br>- removes leading spaces on begin of each row of "Input" text. The number of spaces removed is defined by "Parameter 1". If "Paramater 1" is empty or 0 then all spaces are removed from begin of each row. 
<br>
<br>TEXT_INDENT_RIGHT
<br>- adds extra spaces on begin of each row in "Input" text. The number of spaces added is defined by "Parameter 1". If "Paramater 1" is empty then 1 space is added. 
<br>
<br>TEXT_ADDNUMBERING
<br>- justifies and adds numbering to paragraphs of Input text.  Paragraphs are delimited by empty line.  "Parameter 1" defines width of the justified text.  If the "Parameter 1" is -1 the length of all lines is the same as the first line.  "Parameter 2" defines numbering style.  It can be one of the follows:  
<br>"1)", "1.", "1/", "A)", "A.", "A/", "a)", "a.", "a/", "-", "#", "*"
<br>TEXT_CENTER
<br>- centers "Input" text.  "Parameter 1" defines width of the text. If "Paramater 1" is 0 or emtpy then the text is centered based on the longest row.
<br>
<br>TEXT_UNDERLINE_LIKE
<br>- extra line consisting of "-" characters is added to Input.
<br>
<br>TEXT_ALIGN_LEFT
<br>- aligns Input text left by removing spaces on begin of each line.
<br>
<br>TEXT_ALIGN_RIGHT
<br>- aligns Input text to right by adding extra spaces on begin of each line.  "Parameter 1" defines width of the text.  If the "Parameter 1" is –1 the width is given by the width of the first line.
<br>
<br>ARRAY_SORT_STRING
<br>- sorts array (array variable) of strings passed to the command as "Variable for result" parameter.  If "Parameter 1" is 1 then sorting is case sensitive.   "Parameter 2" (if specified) is delimiter that delimits the input string so that only the part before delimiter is taken for the comparison.  Example: If variable string is "Smooth, John, john@e-mail.net" and delimiter is "," only the "Smooth" is used for comparison.  If no delimiter is defined whole "Smooth, John, john@e-mail.net" string is used for comparison.
<br>
<br>ARRAY_SORT_NUM
<br>- sorts array (array variable) of numbers passed to the command as "Variable for result" parameter.  The "Parameter 2" meaning is the same as in ARRAY_SORT_STRING above.
<br>
<br>ARRAY_DELETEALLITEMS
<br>- deletes all items of the "Variable for result" array (array variable).   
<br>
<br>ARRAY_DELETEITEM
<br>- removes specific item from the "Variable for result" array (array variable).   "Parameter 1" is an index of the item to remove.  
<br>
<br>ARRAY_INSERTITEM
<br>- inserts item to defined position in the "Variable for result" array (array variable).   "Parameter 1" is new item position and Input is value of the newly inserted item.
<br>
<br>ARRAY_FINDITEM
<br>- searches for the specified value (text) in "Parameter 2" array (array variable).   "Parameter 1" is an index to start searching from.  Input is the text to search for.  If an array item matches search criteria then the item index is saved to "Variable for result" variable otherwise "Variable for result" is empty (%v_strEmpty%).  The search only succeeds if whole the item value is equal to Input value (matching is case sensitivity).
<br>
<br>ARRAY_FINDITEM_NOCASE
<br>- searches for the specified value (text) in "Parameter 2" array (array variable).   "Parameter 1" is an index to start searching from.  Input is the text to search for.  If an array item matches search criteria then the item index is saved to "Variable for result" variable  otherwise "Variable for result" is empty (%v_strEmpty%).  The search only succeeds if whole the item value is equal to Input value - but matching is not case sensitive.
<br>
<br>ARRAY_FINDITEM_PARTIALMATCH
<br>- searches for the specified value (text) in "Parameter 2" array (array variable).   "Parameter 1" is an index to start searching from.  Input is the text to search for.  If an array item matches search criteria then the item index is saved to "Variable for result" variable otherwise "Variable for result" is empty (%v_strEmpty%).  The search succeeds if the item value contains Input value (matching is case sensitivity).  For example, an array item "jim@InterCTX.com" matches "CTX" Input value.
<br>
<br>ARRAY_FINDITEM_PARTIALMATCH_NOCASE
<br>- searches for the specified value (text) in "Parameter 2" array (array variable).   "Parameter 1" is an index to start searching from.  Input is the text to search for.  If an array item matches search criteria then the item index is saved to "Variable for result" variable otherwise "Variable for result" is empty (%v_strEmpty%).  The search succeeds if the item value contains Input value - but matching is not case sensitive.  For example, an array item "jim@InterCTX.com" matches "interctx" Input value.
<br>
<br>ARRAY_SIZE
<br>- returns the highest index of the array with variable set + 1 (example: If the highest index is 12 then the result is 13). The array variable is passed as the Parameter 2.
<br>
<br>IS_VAR_DEFINED
<br>- returns 1 if the variable specified in "Parameter 2" is already defined.  Otherwise it returns 0.]]></p>
<p><![CDATA[Parameter that depends on operation.]]></p>
<p><![CDATA[Parameter that depends on operation.]]></p>
<p><![CDATA[Parameter that depends on operation.]]></p>
</parameters>
  <sample>
    <![CDATA[<#> This example converts text in clipboard to upper-case
<#>
<cmds>
<var_oper>(vClipboardText,"",GET_TEXT_FROM_CLIPBOARD,"","", "0")
<if_str>("vClipboardText!=_vStrEmpty")

   <var_oper>(vClipboardText,"%vClipboardText%",STR_UPPER,"","", "0")
   <clpput>("vClipboardText")
   <msg>(-100,-100,"Text in clipboard is converted to uppercase.","Message",1)

<endif>]]>
  </sample>
</cmdHelp>