﻿<cmdHelp>
  <description>
    <![CDATA[This command causes that if a command during macro execution fails then error message is not shown and macro execution continues.]]>
  </description>
  <sample>
    <![CDATA[<#> This macro shows how to use 'me_error_nodisplay'
<#>
<cmds>
<me_error_nodisplay>
<#> Try to get file size of non-existing file. Error
<#> occurs but default (automatic) error message is replaced by the user defined one.
<fileinfo>("c:\notexistingfile.none","SIZE","v1")
<if_str>("_vErr != NO")
   <msg>(-100,-100,"Error!  This is custom error message.  The automatic error message was disabled by 'me_err_nodisplay' command.","Message",1)
<endif>]]>
  </sample>
</cmdHelp>