﻿<cmdHelp>
  <description>
    <![CDATA[This command retrieves information about required window.   After the command is processed, required information is saved in following system variables:
<br>
<br>_vWinRectX1    - X position of upper left corner of the window in screen coordinates
<br>_vWinRectY1    - Y position of upper left corner of the window in screen coordinates
<br>_vWinRectX2    - X position of lower right corner of the window in screen coordinates
<br>_vWinRectY2    - Y position of lower right corner of the window in screen coordinates
<br>_vWinWdt       - window width
<br>_vWinHgt       - window height
<br>_vWinTitle     - window title
<br>_vWinClass     - window class
<br>_vWinState     - window state (MIN, RESTORE, MAX, HIDDEN)
<br>_vWinActive    - YES, if window is active (on top receiving keyboard input), otherwise NO
<br>_vWinHWND      - HWND of the window]]>
  </description>
<parameters>
<p><![CDATA[Window identifier in form of Window Identification Path or HWND.  It identifies window the information is to be retrieved from.]]></p>
<p><![CDATA[Must be empty.]]></p>
<p><![CDATA[Takes effect only if a window is identified using WIP parameter. Can be one of these values:
<br>0 - match substrings in WIP
<br>1 - match exact strings in WIP]]></p>
</parameters>
  <sample>
    <![CDATA[<#> This macro retrieves information about "Notepad" window
<#>
<cmds> 

<if_win>("Notepad","OPEN",0)
   <wininfo>("Notepad","",0)
   <msg>(-100,-100,"Window information:

%_vWinTitle%

%_vWinClass%

%_vWinActive%

%_vWinState%","Message",1)

<else>
   <msg>(100,100,"'Notepad' is not opened!","Message",1)
<endif>]]>
  </sample>
</cmdHelp>