﻿<cmdHelp>
  <description>
    <![CDATA[This command is used to determine whether a keyboard key (mouse button) is pressed or not.]]>
  </description>
<parameters>
<p>
  <![CDATA[a,b,c,d, etc. key or a special key syntax like <F1>, <shift>, etc or KC:XXX (key code, for example KC:27).   The KC:XXX is a key code number of a key on keyboard.  The KC:XXX is showing in the main window in lower right area as keys are being hit.  This way the user can know what is key code of each keyboard key.
<br>
<br>As for the mouse buttons, one of the following identifier can be used:
<br><mlbd> - left mouse button
<br><mmbd> - middle mouse button
<br><mrbd> - right mouse button]]></p>
<p><![CDATA[Can be either DOWN or UP]]></p>
</parameters>
  <sample>
    <![CDATA[<#> If-keys command example
<cmds>
<msg>(-100,-100,"Press 'F12' key to continue...","Message",0)
<keys_block>
<label>("loop")
<if_key>("<F12>","DOWN")
<exitmacro>
<endif>
<goto>("loop")]]>
  </sample>
</cmdHelp>