﻿<cmdHelp>
  <description>
    <![CDATA[This command changes "mouse move" command behavior so that "mouse move" coordinates are relative to upper-left corner of the selected window.]]>
  </description>
  <parameters>
    <p><![CDATA[Window identifier in form of Window Identification Path (WIP) or HWND.  It identifies the window that is to be closed.]]></p>
    <p>
      <![CDATA[Takes effect only if a window is identified using WIP parameter. Can be one of these values:
<br>0 - match substrings in WIP
<br>1 - match exact strings in WIP]]>
    </p>    
  </parameters>
  <sample>
    <![CDATA[<#>This example moves mouse cursor to upper-left corner of Notepad window
<cmds>
<if_win>("[* - Notepad|Notepad|#0|#114]","OPEN",0)
   <mousemove_relative_definedwindow>("[* - Notepad|Notepad|#0|#114]",0)
   <mm>(10,10)
<endif>]]>
  </sample>
</cmdHelp>