﻿<cmdHelp>
  <description>
    <![CDATA[This command defines begin of procedure.  Procedure is a piece of macro code that can be called using "proc_call" command within the macro.  Procedure can have any number of parameters.  Procedures do not return a value but it is possible to pass results out of the procedure using reference parameters.  Reference parameter contains name of the variable it references to.  Enclose a parameter in between "&" characters to tell the procedure that the parameter is a reference (example: &parRefParam&). 
    <br>
    <br>Example:  Let's have "proc_def_begin"(P1, "parParam1","&parRefParam&") and let's have procedure call "proc_call"(P1, "555", "vResult").  Now, any modification of parRefParam (that is is done within the P1 procedure) is actually done on vResult variable since the parRefParam references it.  
    <br>
<br>Procedure parameter should starts with "par" prefix (for example, "parInputText"). This makes the parameter known (accessible) only locally within the procedure so that it does not conflict with other macro variables. Procedure local variables should start with "lpv" (Local Procedure Variable) prefix (for example, "lpvTemporaryVariable") for the same reason.
It is not allowed to define procedure within other procedure (embedded "proc_def_begin"). The procedure definition must be ended by "proc_def_end" command.    
    <br>When getting actual value of the referenced variable, it is necessary to enclose it to % (example: %parRefParam% provides actual value while just parRefParam provides name of the referenced variable).
<br>]]>
  </description>
<parameters>
<p><![CDATA[Unique name of the procedure.  The name is used as a parameter in "proc_call" command to identify what procedure to call.]]></p>
<p><![CDATA[Any number of parameters. Each parameter must be enclosed in between " character and parameters must be delimited by ,
<br><br>Example: "parInputText","parTime","&parRefOutputText&"]]></p>
</parameters>
  <sample>
    <![CDATA[<#> This example shows how to use procedures
<cmds>
<proc_def_begin>(AddQuotes,"parStringInput", "&parStringOutput&")
   <varset>("parStringOutput=%_vQuoteChar%%parStringInput%%_vQuoteChar%","")
<proc_def_end>

<proc_def_begin>(ConvertToUpper,"parStringInput","&parStringOutput&")
   <var_oper>(parStringOutput,"%parStringInput%",STR_UPPER,"2","", "0")
<proc_def_end>

<varset>("vMyText=","Insert text you want to convert to upper case and enclose to quotes:")
<if_str>("_vCanceled==1")<#>
<exitmacro><#>
<endif>

<proc_call>(ConvertToUpper,"%vMyText%", "vMyText" )
<proc_call>(AddQuotes,"%vMyText%", "vMyText" )

<msg>(-100,-100,"%vMyText%","Result",1,0,0,0)]]>
  </sample>
</cmdHelp>