﻿<cmdHelp>
  <description>
    <![CDATA[This command allows a user to include (insert) other macro or (text) file to the macro.  Before macro execution is started, the <-include-> is replaced by content defined in the command (macro or file).  This command makes it possible to use procedures (<proc_call>, <proc_def_begin>) defined in external text (.mcr) files or in other macros.]]>
  </description>
<parameters>
<p><![CDATA[This parameter can be one of these:
<br>
<br><b>macro:</b>Existing macro name (example: "macro:reusableProcedures")
<br><b>file:</b>(Full) path to an existing file (example: "file:c:\.....\reusableProcedures.txt"]]></p>
</parameters>
  <sample>
    <![CDATA[<#> This example shows how to use <-include-> command
<cmds>
<-include->("file:c:\MyMacroLibrary\lib.mcr")
<proc_call>(VeryCommonTask,"1","2","3")]]>
  </sample>
</cmdHelp>