﻿<cmdHelp>
  <description>
    <![CDATA[This command retrieves size of a file on a remote FTP server.]]>
  </description>
<parameters>
<p><![CDATA[Variable that receives file size in bytes.]]></p>
<p><![CDATA[Full path to the remote file (e.g., ftp://pitrinec.com/pub/test.txt).]]></p>
<p><![CDATA[User login name.  If empty the "anonymous" is considered.]]></p>
<p><![CDATA[User name login password.]]></p>
</parameters>
  <sample>
    <![CDATA[<#> This sample retrieves size of file placed on remote FTP server
<#> 
<cmds>
<ftp_filesize>("vFileSize","ftp://pitrinec.com/pub/test.txt","","")
<msg>(-100,-100,"Size of %_vQuoteChar%ftp://pitrinec.com/pub/test.txt%_vQuoteChar% file is %vFileSize% bytes.","Message",1)]]>
  </sample>
</cmdHelp>