﻿<cmdHelp>
  <description>
    <![CDATA[This command enumerates all running processes.]]>
  </description>
<parameters>
<p><![CDATA[Variable (array) that receives names of running processes.]]></p>
<p><![CDATA[Variable that receives number of process.]]></p>
<p><![CDATA[Variable (array) that receives Ids of running processes.]]></p>
</parameters>
  <sample>
    <![CDATA[<#> This example enumerates running processes and lists them in Notepad
<#> 
<cmds>
<process_enum>("vProcess","vNumOfProcesses","vProcessIds")

<execappex>("notepad.exe","","",0,0)
<waitfor>("WIN","ACT","Notepad",5,0)
<if_win>("Notepad","ACT",0)
<keys>These processes are running #. [ name ;30 [ \Device\HarddiskVolume3\Program Files (x86)\iPass\Open Mobile\omsi\iPlatformService.exe ; 1772 ] Id ]:<newline><#>
<newline><#>
<cmds>
<begloop>(vNumOfProcesses)
<varout>("%_vLoopCounter% [ %vProcess[_vLoopCounter0]% ; %vProcessIds[_vLoopCounter0]% ]","0")<#>
<keys><#>
<newline><#>
<cmds>
<endloop>

<endif>]]>
  </sample>
</cmdHelp>