﻿<cmdHelp>
  <description>
    <![CDATA[This command renames specified file.]]>
  </description>
<parameters>
<p><![CDATA[(Full) path to the file to copy  (e.g., "c:\mydocuments\original.doc").]]></p>
<p><![CDATA[New name such as "backup.doc".]]></p>
<p><![CDATA[Must be 0.]]></p>
<p><![CDATA[Must be 0.]]></p>
</parameters>
  <sample>
    <![CDATA[<#> This macro renames file you select to "_renamed.txt".
<#>
<cmds>
<var_oper>(vFile,"",SELECT_FILE,"Select File","", "0")
<if_str>("_vCanceled==1") <exitmacro> <endif>
<filerename>("vFile","_renamed.txt",0,0)]]>
  </sample>
</cmdHelp>