﻿<cmdHelp>
  <description>
    <![CDATA[Renames directory specified.]]>
  </description>
<parameters>
<p><![CDATA[(Full) path to the source directory (e.g., "c:\mydocuments").]]></p>
<p><![CDATA[New name of the directory (for example, "mydocuments_old").]]></p>
<p><![CDATA[Must be 0.]]></p>
<p><![CDATA[Must be 0.]]></p>
</parameters>
  <sample>
    <![CDATA[<#> This macro renames directory you select.
<#>
<cmds> 

<msg>(100,100,"Select folder you want to rename.","Message",0)
<var_oper>(vDirSource,"",SELECT_FOLDER,"Select Source Folder","", "0")
<proc_call>(ExitOnCancel,)
<msgoff>
 
<dirrename>("vDirSource","RENAMED",0,0)

<#> --------------------------------------------------------------------

<proc_def_begin>(ExitOnCancel,)
<if_str>("_vCanceled==1")
   <exitmacro>
<endif>
<proc_def_end>

<#> --------------------------------------------------------------------]]>
  </sample>
</cmdHelp>