﻿<cmdHelp>
  <description>
    <![CDATA[This command allows to show/close a window that displays macro execution status. There can be only one status window shown at the same time.
The window can contain multiple rows containing icon (none, "in progress", "OK" "Failed") and status text.  The "me_status_set" command allows to add/modify content of the status window - it either adds new row or modifies existing row.]]>
  </description>
<parameters>
<p><![CDATA[Title of the status window.]]></p>
<p><![CDATA[0 - the status window is to be opened
<br>1 - the status window is to be closed]]></p>
<p><![CDATA[0 - normal window that can be overlapped by other windows
<br>1 - always on top window that is never overlapped by other windows]]></p>
<p><![CDATA[X - position of the window on the screen (absolute screen coordinates).]]></p>
<p><![CDATA[Y - position of the window on the screen (absolute screen coordinates).]]></p>
<p><![CDATA[Width of the window.]]></p>
<p><![CDATA[Height of the window.]]></p>
</parameters>
  <sample>
    <![CDATA[<#> This sample shows how to us the status window
<cmds>

<me_status_window>("Macro in progres",0,1,EXPR(%_vMonitorWorkAreaX_1%+%_vMonitorWorkAreaCX_1%-350),EXPR(%_vMonitorWorkAreaY_1%+%_vMonitorWorkAreaCY_1%-150),350,150)
<me_status_set>(0,"Three steps needs to be done, please wait:",0)

<me_status_set>(1,"Step 1",1)
<wx>(2000)
<me_status_set>(1,"Step 1: OK",2)

<me_status_set>(2,"Step 2",1)
<wx>(2000)
<me_status_set>(2,"Step 2: Failed",3)

<me_status_set>(3,"Step 3",1)
<wx>(2000)
<me_status_set>(3,"Step 3: OK",2)

<wx>(2000)]]>
  </sample>
</cmdHelp>