﻿<cmdHelp>
  <description>
    <![CDATA[This command adds or modifies row in the status window ("me_status_window" command).  Each row is identified using numeric ID.  If there is not a row with the given ID in the window yet, then new row is added.  If a row with the given ID exists, then it is updated using parameters passed (status and text - if the text is not supplied then old text remains displayed).  Each row consists of status icon (none, "in progress", "OK", "Failed") and text.]]>
  </description>
  <parameters>
    <p><![CDATA[Unique numeric identifier of the row in the status window.]]></p>
    <p><![CDATA[Text showing on the row.]]></p>
    <p>
  <![CDATA[0 - none icon
<br>1 - "in progress" icon
<br>2 - "OK" icon
<br>3 - "Failed" icon
<br>4 - "Info" icon]]></p>
  </parameters>
  <sample>
    <![CDATA[<#> This sample shows how to us the status window
<cmds>

<me_status_window>("Macro in progres",0,1,100,100,350,150)
<me_status_set>(0,"Three steps needs to be done, please wait:",0)

<me_status_set>(1,"Step 1",1)
<wx>(2000)
<me_status_set>(1,"Step 1: OK",2)

<me_status_set>(2,"Step 2",1)
<wx>(2000)
<me_status_set>(2,"Step 2: Failed",3)

<me_status_set>(3,"Step 3",1)
<wx>(2000)
<me_status_set>(3,"Step 3: OK",2)

<wx>(2000)]]>
  </sample>
</cmdHelp>