﻿<cmdHelp>
  <description>
    <![CDATA[The "key_down" and "key_up" commands allows to send a keystroke to currently active window (target application). <br>Note: For inserting a text it is simpler to use "free text".]]>
  </description>
  <parameters>
    <p><![CDATA[The key to press/release such as A, B, 1, /, etc.  For Shift, Ctrl, F1, etc., keys &#60;shift&#62;, &#60;ctrl&#62;, &#60;F1&#62; syntax needs to be used. In addition, the KC:XXX key code can be used (Note: The KC:XXX key code is showing in the main window in lower right area as keys are being hit).]]></p>
    <p><![CDATA[If 1, the extended key pressed/released.  Otherwise have to be 0.]]></p>
  </parameters>
  <sample>
    <![CDATA[<#> This command presses down "A" key and releases it one second later
<cmds>
<key_down>(<shift>,0)
<key_down>(A,0)
<wx>(1000)
<key_up>(A,0)
<key_up>(<shift>,0)]]>
  </sample>
</cmdHelp>