﻿<cmdHelp>
  <description>
    <![CDATA[This command archives one or multiple files to a single ZIP file.]]>
  </description>
<parameters>
<p><![CDATA[(Full) path to the ZIP file to be created. Example: c:\temp\zipfile.zip.]]></p>
<p><![CDATA[(Full) file path or wildcard mask of files that will be included (zipped) to the ZIP file.  Example: c:\temp\*.txt.]]></p>
<p><![CDATA[If 1, also files from subfolders that match the "Input files mask" are included.
<br>If 0, the files from subfolders are not included.]]></p>
<p><![CDATA[If a password is provided then the zip file created is password protected.]]></p>
</parameters>
  <sample>
    <![CDATA[<#> This example shows how to zip multiple files to a single ZIP file.
<#> 
<cmds>

<#> Create folder for sample files
<dircreate>("c:\temp\zip_sample",0)

<#> Create sample files
<filecreate>("c:\temp\zip_sample\file1.txt",0)
<filecreate>("c:\temp\zip_sample\file2.txt",0)
<filecreate>("c:\temp\zip_sample\file3.txt",0)

<#> Zip files to a zip file
<zip_createfile>("c:\temp\zip_sample\zipfile.zip","c:\temp\zip_sample\*.txt",0, "")

<#> Open folder to see the results
<diropen>("c:\temp\zip_sample",0)]]>
  </sample>
</cmdHelp>