﻿<cmdHelp>
  <description>
    <![CDATA[This command extracts from ZIP file to a folder the files that match defined mask.]]>
  </description>
<parameters>
<p><![CDATA[(Full) path to an existing ZIP file. Example: c:\temp\zipfile.zip.]]></p>
<p><![CDATA[(Full) path to a folder where the files contained in the ZIP file will be extracted.  If the folder does not exist then it is created automatically.  Example: c:\temp\unzipDir.]]></p>
<p><![CDATA[Wildcard mask to define what files will be extracted.  Only mask matching files are extracted.  Example: *.txt.]]></p>
<p><![CDATA[If the zip file is password protected then the password parameter is needed to successfully unzip the file.]]></p>
</parameters>
  <sample>
    <![CDATA[<#> This example shows how to unzip existing ZIP file.
<#> 
<cmds>

<#> Create folder for sample files
<dircreate>("c:\temp\zip_sample",0)

<#> Create sample files
<filecreate>("c:\temp\zip_sample\file1.txt",0)
<filecreate>("c:\temp\zip_sample\file2.txt",0)
<filecreate>("c:\temp\zip_sample\file3.txt",0)

<#> Zip files to a zip file 
<zip_createfile>("c:\temp\zip_sample\zipfile.zip","c:\temp\zip_sample\*.txt",0)

<#> Unzip file to folder
<zip_unzipfile>("c:\temp\zip_sample\zipfile.zip","c:\temp\zip_sample\unzip","*.txt")

<#> Open folder to see the results
<diropen>("c:\temp\zip_sample\unzip",0)]]>
  </sample>
</cmdHelp>