﻿<cmdHelp>
  <description>
    <![CDATA[This command archives one or multiple files to a single self-extracting ZIP file.]]>
  </description>
<parameters>
<p><![CDATA[(Full) path to the self-extracting ZIP file to be created. Example: c:\temp\zipfile-se.exe.]]></p>
<p><![CDATA[(Full) file path or wildcard mask of files that will be included (zipped) to the ZIP file.  Example: c:\temp\*.txt.]]></p>
<p><![CDATA[If 1, also files from subfolders that match the "Input files mask" are included.
<br>If 0, the files from subfolders are not included.]]></p>
<p><![CDATA[Full path of the file to automatically open when the self-extracting ZIP file finishes files extraction.  Example: c:\temp\readme.txt.]]></p>
<p><![CDATA[If 1, the files are extracted automatically to the default temporary folder.
<br>If 0, the user will select the folder where to extract the files.]]></p>
<p><![CDATA[If a password is provided then the exe file created is password protected.]]></p>
</parameters>
  <sample>
    <![CDATA[<#> This example shows how to create self-extracting ZIP file.
<#> 
<cmds>

<#> Create folder for sample files
<dircreate>("c:\temp\zip_sample",0)

<#> Create sample files
<filecreate>("c:\temp\zip_sample\file1.txt",0)
<filecreate>("c:\temp\zip_sample\file2.txt",0)
<filecreate>("c:\temp\zip_sample\file3.txt",0)

<#> Create self-extracting ZIP file
<zip_create_sfx>("c:\temp\zip_sample\zipfile-selfextract.exe","c:\temp\zip_sample\*.txt",0,"c:\temp\zip_sample\file1.txt",0)

<#> Open folder to see the results
<diropen>("c:\temp\zip_sample",0)]]>
  </sample>
</cmdHelp>