﻿<cmdHelp>
  <description>
    <![CDATA[This command searches for defined image(s) on computer screen.  If the image is found on the screen the command sets supplied coordinate variables. If multiple image files are defined using wildcards then [x,y] position variables for each image are created for each image file. For example, if image files are defined using "c:\find_images\*.bmp" and there are "Button.bmp" and "Title.bmp" image files in the "c:\find_images" folder then variables "button.bmp_x" and "button.bmp_y" variables that defines position of the "Button.bmp" image on the screen is created. The same for "title.bmp" file there are "title.bmp_x" and "title.bmp_y" variable created. Using such variables it is possible to determine what images were found and what are their position on the screen. Image file names are always converted to lowercase.
    <br><br><b><font color="red">Important:<br><br>The bitmap file the command is finding must be captured with the same DPI (or zoom in web browser) as the content presented on the screen. These are typical problems why the command fails:
    <br>1. The bitmap file is captured on a monitor with higher/lower DPI than the monitor where the command is finding the image. To prevent this problem always capture the image on the same monitor where the command is executed.
    <br><br>2. The bitmap file is captured in web browser with different zoom setting than the current zoom. To prevent this use the same web browser and the same zoom setings when capturing image and running the macro.</font><br>
  ]]>
  </description>
<parameters>
<p><![CDATA[Full path to the image file.  This is a bitmap image that is captured using "Capture..." feature in the <display_findimage> command editor. In addition, multiple image files are supported by wildcards (* and ?).]]></p>
<p><![CDATA[X-coordinate where to start searching on the computer screen.]]></p>
<p><![CDATA[Y-coordinate where to start searching on the computer screen.]]></p>
<p><![CDATA[Name of the variable that receives X-coordinate of the position of the image on the screen.  If the image is not found then the variable receives "-1".]]></p>
<p><![CDATA[Name of the variable that receives Y-coordinate of the position of the image on the screen.  If the image is not found then the variable receives "-1".]]></p>
  <p>
    <![CDATA[If 0 then the image does not has to exactly match, a certain level of tolerance is allowed.
<br>If 1 then the image has to exactly match.]]>
  </p>
  <p><![CDATA[It is possible to scope searching to an area smaller than the whole screen. This attribute specifies the width of the searching area. If this parameter is set to "0" then the whole screen width is being searched.]]></p>
<p><![CDATA[It is possible to scope searching to an area smaller than the whole screen. This attribute specifies the height of the searching area. If this parameter is set to "0" then the whole screen height is being searched.]]></p>
</parameters>
  <sample>
    <![CDATA[<#> This example shows how to find "Start" button on the screen and click on it
<cmds>

<display_findimage>("C:\PicturesForMacros\StartButton.bmp",0,0,vStartButtonX,vStartButtonY, 0)

<if>("%vStartButtonX% > -1")

   <#> Start button found, move cursor on it...
   <mm>(%vStartButtonX%,%vStartButtonY%) 

   <#> ...and click
   <mlbd><mlbu>

<else>

<#> Start button not found, show message.
<msg>(-100,-100,"The Start button was not find on the screen. Possible reasons are:

1) The Task bar is hidden.
2) The Start button is overlapped by some window.
3) The StartButton.bmp file contains picture other than how Start button looks like.","Message",1,0,2)

<endif>]]>
  </sample>
</cmdHelp>