﻿<cmdHelp>
  <description>
    <![CDATA[The command writes data to a INI file.  INI files internal structure look like this:
<br>...
<br>
<br>[Section]
<br>Key1=Some data.
<br>Key2=Other data.
<br>...
<br>KeyN=Even more data.
<br>
<br>[Other Section]
<br>Key1=....
<br>
<br>...
<br>
<br>The "ini_file_write" command writes data to given key in given section.]]>
  </description>
<parameters>
<p><![CDATA[Section name in INI file.]]></p>
<p><![CDATA[Name of the key in the Section.]]></p>
<p><![CDATA[Data to be written to the given key in given section.]]></p>
<p><![CDATA[(Full) path to the INI file.]]></p>
</parameters>
  <sample>
    <![CDATA[<#> This sample writes and reads data from INI file.
<#> 
<cmds>

<#> Write some data to the INI file first
<ini_file_write>("section1","key1","Value1","%TEMP%\example.ini")

<#> Read the data then...
<ini_file_read>("section1","key1","vValue","%TEMP%\example.ini")

<#> ... and show the data.
<msg>(-100,-100,"vValue","Message",1,0,0)

<#> In the end let's delete the ini file.
<filedel>("%TEMP%\example.ini",0,0,3,,,"",0)]]>
  </sample>
</cmdHelp>