﻿<cmdHelp>
  <description>
    <![CDATA[This command retrieves list of messages waiting on POP3 e-mail account. Before <email_pop3_getlist> command can be called a connection to the e-mail account needs to be opened using <email_pop3_connect> command.]]>
  </description>
<parameters>
<p><![CDATA[An identifier of connection to the e-mail account.  Connection is opened using <email_pop3_connect> command.]]></p>
<p><![CDATA[Variable that receives number of e-mail messages waiting on e-mail account.]]></p>
<p><![CDATA[Variable that receives number of e-mail messages waiting on e-mail account.]]></p>
<p><![CDATA[Variable (array) that receives "subject" field of a waiting e-mail message.]]></p>
</parameters>
  <sample>
    <![CDATA[<#> Thic sample shows how to get list of e-mails received on POP3 account.
<cmds>

<#> Connect to POP3 account first:
<email_pop3_connect>("myemails.com","myaccount","737qw7523#$","POP3Connection")

<#> Get list of messages then:
<email_pop3_getlist>("POP3Connection","vNumberOfMessages","vMessages_From","vMessages_Subject")

<#> Disconnect from the account:
<email_pop3_disconnect>("POP3Connection")

<#> Show the list of messages:
<if_num>("vNumberOfMessages > 0")

   <varset>("vEmailsList=_vStrEmpty","")

   <for>("vEmails=0","vEmails < vNumberOfMessages","1")

      <var_oper>(vEmailsList,"%vEmailsList%",STR_APPEND,"vMessages_Subject[vEmails]","", "0")
      <var_oper>(vEmailsList,"%vEmailsList%",STR_APPEND,"%_vKeyNewLine%","", "0")

   <for_end>

   <msg>(-100,-100,"%vEmailsList%","Emails received",1,0,0)

<else>

   <msg>(-100,-100,"There are no e-mails received.","Emails received",1,0,2)

<endif>]]>
  </sample>
</cmdHelp>