﻿<cmdHelp>
  <description>
    <![CDATA[This command retrieves defined message waiting on POP3 e-mail account. Before <email_pop3_getmail> command can be called a connection to the e-mail account needs to be opened using <email_pop3_connect> command.  In addition, it is always good to check for the e-mail existence using <email_pop3_getlist> before retrieving the particular e-mail using the <email_pop3_getmail> command.]]>
  </description>
<parameters>
<p><![CDATA[An identifier of connection to the e-mail account.  Connection is opened using <email_pop3_connect> command.]]></p>
<p><![CDATA[Message number (index) to get.  The first e-mail message has number "0", the second one has "1" and so on....]]></p>
<p><![CDATA[Variable that receives "from" field of the e-mail message.]]></p>
<p><![CDATA[Variable that receives "subject" field of the e-mail message.]]></p>
<p><![CDATA[Variable that receives "body" field of the e-mail message.]]></p>
</parameters>
  <sample>
    <![CDATA[<#> Thic sample shows how to get list of e-mails received on POP3 account.
<cmds>

<#> Connect to POP3 account first:
<email_pop3_connect>("myemails.com","myaccount","737qw7523#$","POP3Connection")

<#> Get number of messages:
<email_pop3_getlist>("POP3Connection","vNumOfMessages","","")

<#> Are there some messages?
<if_num>("vNumOfMessages > 0")

  <#> Yes, so let's get the first one:
  <email_pop3_getmail>("POP3Connection","0","vFrom","vSubject","vBody")

   <#> Show the list of messages:
   <msg>(-100,-100,"Subject: '%vSubject%'
From: '%vFrom%'
-----------------------------
%vBody%","Emails received",1,0,0)

<else>
   <msg>(-100,-100,"No message is waiting on e-mail account.","Message",1,,2)
<endif>

<#> Disconnect from the account:
<email_pop3_disconnect>("POP3Connection")]]>
  </sample>
</cmdHelp>