﻿<cmdHelp>
  <description>
    <![CDATA[This command deletes defined message waiting on POP3 e-mail account. Before <email_pop3_deletemail> command can be called a connection to the e-mail account needs to be opened using <email_pop3_connect> command.  In addition, it is always good to check for the e-mail existence using <email_pop3_getlist> before deleting the particular e-mail using the <email_pop3_deletemail> command.]]>
  </description>
<parameters>
<p><![CDATA[An identifier of connection to the e-mail account.  Connection is opened using <email_pop3_connect> command.]]></p>
<p><![CDATA[Message number (index) to delete.  The first e-mail message has number "0", the second one has "1" and so on....]]></p>
</parameters>
  <sample>
    <![CDATA[<#> Thic sample shows how to delete e-mail from POP3 account.
<cmds>

<#> Connect to POP3 account first:
<email_pop3_connect>("myemails.com","myaccount","737qw7523#$","POP3Connection")

<#> Get number of messages:
<email_pop3_getlist>("POP3Connection","vNumOfMessages","","")

<#> Are there some messages?
<if_num>("vNumOfMessages > 0")

   <#> Do we want to delete the message?
   <msg>(-100,-100,"Do you want to delete e-mail message?","Emails received",2,0,1)

   <if_str>("_vMsgButton==YES")
      <#> Yes, so let's delete the first one:
      <email_pop3_deletemail>("POP3Connection","0")
   <endif>

<else>
   <msg>(-100,-100,"No message is waiting on e-mail account.","Message",1,,2)
<endif>

<#> Disconnect from the account:
<email_pop3_disconnect>("POP3Connection")]]>
  </sample>
</cmdHelp>