﻿<cmdHelp>
  <description>
    <![CDATA[This command opens a connection to an e-mail account. This command needs to be called before any other <email_pop3_...> is used.]]>
  </description>
<parameters>
<p><![CDATA[Server where e-mail account exist.  Example: myemails.com]]></p>
<p><![CDATA[The e-mail account name.]]></p>
<p><![CDATA[The account password.]]></p>
<p><![CDATA[An identifier of connection to the e-mail account.  Other <email_pop3_...> commands use this Id.]]></p>
</parameters>
  <sample>
    <![CDATA[<#> Thic sample shows how to get list of e-mails received on POP3 account.
<cmds>

<#> Connect to POP3 account first:
<email_pop3_connect>("myemails.com","myaccount","737qw7523#$","POP3Connection")

<#> Do what you need here....

<#> Disconnect from the account:
<email_pop3_disconnect>("POP3Connection")]]>
  </sample>
</cmdHelp>