﻿<cmdHelp>
  <description>
    <![CDATA[This command closes a connection to an e-mail account. This command needs to be called after all <email_pop3_...> commands are finished.]]>
  </description>
<parameters>
<p><![CDATA[An identifier of connection to the e-mail account.]]></p>
</parameters>
  <sample>
    <![CDATA[<#> Thic sample shows how to get list of e-mails received on POP3 account.
<cmds>

<#> Connect to POP3 account first:
<email_pop3_connect>("myemails.com","myaccount","737qw7523#$","POP3Connection")

<#> Do what you need here....

<#> Disconnect from the account:
<email_pop3_disconnect>("POP3Connection")]]>
  </sample>
</cmdHelp>