﻿<cmdHelp>
  <description>
    <![CDATA[This command sends an e-mail using SMTP.  Unlike <email_send>, this command does not require any e-mail client to be installed on the computer.]]>
  </description>
<parameters>
<p><![CDATA[A SMTP server.]]></p>
<p><![CDATA[Message number (index) to get.  The first e-mail message has number "0", the second one has "1" and so on....]]></p>
<p><![CDATA[Variable that receives "from" field of the e-mail message.]]></p>
<p><![CDATA[Variable that receives "subject" field of the e-mail message.]]></p>
<p><![CDATA[Variable that receives "body" field of the e-mail message.]]></p>
<p><![CDATA[This is a full path to the file to attach to the e-mail message.]]></p>
<p><![CDATA[Port number to use. If left empty a default port number is used.]]></p>
<p><![CDATA[If 0, the SSL is not used otherwise the SSL is used.]]></p>
</parameters>
  <sample>
    <![CDATA[<#> Thic sample shows how send an email.
<cmds>

<email_smtp_sendmail>("myserver.com","myaccount","mypassword","john@something.com","","Hello John","friendly letter from your family. Visit us soon!","",,0)]]>
  </sample>
</cmdHelp>