﻿<cmdHelp>
  <description>
    <![CDATA[This command executes an external command.  The external commands allows to extend the macro language capabilities by adding new commands. The external command can be any executable file that takes parameters (optionally) and prints result to standard output.  The macro engine takes the printed result from standard output and assigns it to user-defined macro language result variable.
<br><br>Note: The external command can be written in VBS, for example.  However, the VBS engine outputs some copyright information at the start of the script execution. If the user does not want to have such the information as a part of own script result then the user can put this line at the begin of VBS script:
<br><br>Wscript.StdOut.Write ">>>cmd_results>>>"<br><br>
This line tells the macro engine where actual results start and the macro engine then ignores the output printed before.]]>
  </description>
  <parameters>
    <p><![CDATA[(Full) path to an executable file or just a name with ".ec...." extension (for example, "SimplePing.ec.vbs").  If the full path is not supplied then the executable file must be located in "ExternalCommands" sub-folder in installation folder or in the same folder where calling macro file is located.]]></p>
    <p><![CDATA[Parameters that will be passed to the external command.  The number of the parameters depends on the external command.]]></p>
    <p><![CDATA[Timeout in seconds.  If the external command does not finishes its execution in the defined timeout then the command fails.]]></p>
    <p><![CDATA[This is the user-defined variable that will receive the external command result.]]></p>
  </parameters>
  <sample>
    <![CDATA[<#> This command pings to the www.pitrinec.com web site
<cmds>
<extcmd>("SimplePing.ec.vbs","www.pitrinec.com",15,vResult)
<if_str>("vResult==1")
   <msg>(-100,-100,"Ping OK.","Message",1,0,0)
<else>
   <msg>(-100,-100,"Ping failed.","Message",1,0,0)
<endif>]]>
  </sample>
</cmdHelp>