﻿<cmdHelp>
  <description>
    <![CDATA[This command calls macro located on a remote computer over network.  On the remote computer, there must be #THIS_PROGRAM# family product running with the "remote macro call" feature enabled.  Read more also here and here..]]>
  </description>
  <parameters>
    <p><![CDATA[This is IP address of the remote computer where macro we want to call resides.]]></p>
    <p><![CDATA[This is a communication port number (default is 20304).]]></p>
    <p><![CDATA[Name of the macro to run.]]></p>
    <p><![CDATA[Parameter that will be passed to the remote macro.  The remote macro can retrieve the parameter data from "_vMacroParameter" system variable.]]></p>
    <p><![CDATA[Needs to be 1 if a password to start macro is required.  Otherwise it is 0.]]></p>
    <p><![CDATA[Timeout in milliseconds.  If this command does not finishes before the timeout then it fails.]]></p>
    <p><![CDATA[Needs to be set to 1 if it is required to wait until the remote macro finishes execution.  The remote macro may return a result data that can be retrieved from "_vMacroResult" system variable. If it is not required to wait until the remote macro finishes then set this parameter to 0.]]></p>
  </parameters>
  <sample>
    <![CDATA[<#> This is how we call a macro on remote computer.
<#> We pass parameter "lowercase string" that the remote
<#> macro converts to uper case and passes back as a result.
<#>
<cmds>
<remote_macro_call>("100.0.0.100","20304","ToUpper_Remote","lowercase string","0","10","1")
<msg>(-100,-100,"%_vMacroResult%","Remote Macro Results",1,0,0)]]>
  </sample>
</cmdHelp>