﻿<cmdHelp>
  <description>
    <![CDATA[This command encrypts/decrypts a single file.]]>
  </description>
  <parameters>
<p><![CDATA[(Full) path to a file that is to be encrypted/decrypted. Example: c:\temp\myPrivateInfo.txt.]]></p>
<p><![CDATA[(Full) path to a file that is created as a result of the encryption/decryption of the "Input File".  Example: c:\temp\myPrivateInfo.txt.aes.]]></p>
<p><![CDATA[This parameter can be one of these:
<br>ENCRYPT_AES - the input file is encrypted using AES.
<br>DECRYPT_AES - the input file (previously encrypted using ENCRYPT_AES) is decrypted.]]></p>
<p><![CDATA[Strength of the encryption.  These values are supported: 128, 192, 256.]]></p>
<p><![CDATA[User defined password that is used to encrypt/decrypt the input file.  A file encrypted by a password can be successfully decrypted again only if the same password is used.]]></p>
  </parameters>
  <sample>
    <![CDATA[<#> This simple example shows how to encrypt/decrypt file.
<#> 
<cmds>

<#> Create folder for sample files
<dircreate>("c:\temp\file_encryption_sample",0)

<#> Create sample file
<data_save>("This is a sample file.","c:\temp\file_encryption_sample\1.file_original.txt","")

<#> Now encrypt the file...
<file_encryption>("c:\temp\file_encryption_sample\1.file_original.txt","c:\temp\file_encryption_sample\2.file_encrypted.txt",ENCRYPT_AES,128,"nyrangers")

<#> ...and decrypt again
<file_encryption>("c:\temp\file_encryption_sample\2.file_encrypted.txt","c:\temp\file_encryption_sample\3.file_decrypted.txt",DECRYPT_AES,128,"nyrangers")

<#> Open folder to see the results
<diropen>("c:\temp\file_encryption_sample",0)]]>
  </sample>
</cmdHelp>