﻿<cmdHelp>
  <description>
    <![CDATA[This command encrypts/decrypts all files within an input directory (folder) including all sub-folders.  Encrypted files are located in output directory. An extension ".aes" is added to the encrypted files.  For example, file "Invoice_01256.doc" is encrypted to "Invoice_01256.doc.aes".]]>
  </description>
  <parameters>
    <p><![CDATA[(Full) path to a directory (folder) that is to be encrypted/decrypted. Example: "c:\myPrivateDocuments".]]></p>
<p><![CDATA[Directory (folder) where encrypted/decrypted files are located. Example: "c:\myPrivateDocuments_Encrypted".]]></p>
<p><![CDATA[This parameter can be one of these:
<br>ENCRYPT_AES - the files are encrypted using AES.
<br>DECRYPT_AES - the files (previously encrypted using ENCRYPT_AES) are decrypted.]]></p>
<p><![CDATA[Strength of the encryption.  These values are supported: 128, 192, 256.]]></p>
<p><![CDATA[User defined password that is used to encrypt/decrypt the files.  A directory encrypted by a password can be successfully decrypted again only if the same password is used.]]></p>
  </parameters>
  <sample>
    <![CDATA[<#> This example shows how to encrypt whole folder.
<#> The second example shows how to decrypt it again.
<cmds>

<#> Create folder for sample files
<dircreate>("c:\temp\dir_encryption_sample",0)

<#> Create sample files
<data_save>("This is a sample file 1.","c:\temp\dir_encryption_sample\1.file_original.txt","")
<data_save>("This is a sample file 2.","c:\temp\dir_encryption_sample\2.file_original.txt","")

<dir_encryption>("c:\temp\dir_encryption_sample", "c:\temp\dir_encryption_sample_Out", ENCRYPT_AES,128,"dirpwd")

<#> Open folder to see the results
<diropen>("c:\temp\dir_encryption_sample_Out",0)]]>
  </sample>
</cmdHelp>