﻿<cmdHelp>
  <description>
    <![CDATA[This command captures an image on computer screen.]]>
  </description>
<parameters>
<p><![CDATA[X coordination of the upper left corner of the area to be captured.]]></p>
<p><![CDATA[Y coordination of the upper left corner of the area to be captured.]]></p>
<p><![CDATA[Width of the area to be captured. If it is set to "0" then whole screen is captured.]]></p>
<p><![CDATA[Height of the area to be captured.]]></p>
<p><![CDATA[Name (or full path) of the resulting image file.]]></p>
</parameters>
  <sample>
    <![CDATA[<#> This macro shows how to capture display picture
<cmds>

<display_captureimage>(0,0,0,0,"%_vFolder_Personal%\ScreenImage.bmp")

<msg>(-100,-100,"Do you want to see the captured image now?","Message",2,0,1)

<if>("_vMsgButton==YES")
   <fileopen>("%_vFolder_Personal%\ScreenImage.bmp",0)
<endif>]]>
  </sample>
</cmdHelp>