﻿<cmdHelp>
  <description>
    <![CDATA[This command captures an image in defined window.
<br><br><b><font color="red">Important:<br><br>It is application specific how the window content is drawn within its window and in some cases what is visible on the computer screen as a one image is actually composed by multiple pieces. For this reason, use &lt;display_captureimage&gt; command if this command is not working with a particular application.    ]]>
  </description>
<parameters>
<p><![CDATA[Window identifier in form of Window Identification Path or HWND.  It identifies the window where an image is to be captured.]]></p>
<p><![CDATA[Takes effect only if a window is identified using WIP parameter. Can be one of these values:
<br>0 - match substrings in WIP
<br>1 - match exact strings in WIP]]></p>
<p><![CDATA[X coordination of the upper left corner of the area to be captured.]]></p>
<p><![CDATA[Y coordination of the upper left corner of the area to be captured.]]></p>
<p><![CDATA[Width of the area to be captured. If it is set to "0" then whole window is captured.]]></p>
<p><![CDATA[Height of the area to be captured.]]></p>
<p><![CDATA[Name (or full path) of the resulting image file.]]></p>
</parameters>
  <sample>
    <![CDATA[<#> This macro shows how to capture picture of an active window
<cmds>

<win_captureimage>("_vActiveWindow_HWND",0,0,0,0,0,"%_vFolder_Personal%\WindowImage.bmp")

<msg>(-100,-100,"Do you want to see the captured image now?","Message",2,0,1)

<if>("_vMsgButton==YES")
   <fileopen>("%_vFolder_Personal%\WindowImage.bmp",0)
<endif>]]>
  </sample>
</cmdHelp>