﻿<cmdHelp>
  <description>
    <![CDATA[The command sends defined sequence of keystrokes to the currently active window.]]>
  </description>
<parameters>
<p><![CDATA[The key to press/release such as a, b, 1, /, etc.  For Shift, Ctrl, F1, etc., keys &#60;shift&#62;, &#60;ctrl&#62;, &#60;F1&#62; syntax needs to be used.]]></p>
<p><![CDATA[Time to wait before next kesytroke is sent (in milliseconds).]]></p>
</parameters>
  <sample>
    <![CDATA[<#> This sample slowly types 'Hello!' to Notepad (if it is open)
<cmds>

<if_win>("[* - Notepad|Notepad|#46|#118]","OPEN",0)
   <actwin>("[* - Notepad|Notepad|#46|#118]",0,0)
   <keystrokes>("Hello!","500")
<else>
   <msg>(100,100,"'Notepad' is not opened!","Message",1)
<endif>]]>
  </sample>
</cmdHelp>