﻿<cmdHelp>
  <description>
    <![CDATA[This command parses (full qualified) file path to these parts: drive or network server, folder, file name, and file extension.]]>
  </description>
<parameters>
<p><![CDATA[File path to be parsed. For example: c:\my folder\sub1\sub2\results.doc]]></p>
<p><![CDATA[Variable that receives drive or network server address part of the file path. For example: c]]></p>
<p><![CDATA[Variable that receives folder part of the file path. For example: my folder\sub1\sub2 ]]></p>
<p><![CDATA[Variable that receives file name part of the file path. For example: results ]]></p>
<p><![CDATA[Variable that receives extension part of the file path. For example: doc ]]></p>
</parameters>
  <sample>
    <![CDATA[<#>This macro breaks 'c:\program files\any program\application.exe' file path to parts
<cmds>
<file_path_parse>("c:\program files\any program\application.exe",vDrive,vFolder,vName,vExt)
<msg>(-100,-100,"Drive: %vDrive%
Folder: %vFolder%
File: %vName%
Extension: %vExt%","",1,0,0,0)]]>
  </sample>
</cmdHelp>