﻿<cmdHelp>
  <description>
    <![CDATA[This command reads a cell value of the currently active worksheet and stores it to variable.]]>
  </description>
<parameters>
<p><![CDATA[A workbook identifier previously obtained by "open workbook" command.]]></p>
<p><![CDATA[Cell column identifier. For example: F]]></p>
<p><![CDATA[Cell row identifier. For example: 21]]></p>
<p><![CDATA[Variable that receives value from the cell defined by column and row. (Value from F21 cell in our example.)]]></p>
</parameters>
  <sample>
    <![CDATA[<#> This macro shows how to write data to Excel cell
<#> and how to read it again
<cmds>
<excel_wb_open>("","",1,wbi)
<excel_cell_set>(%wbi%,B,2,"B2 value")
<excel_cell_get>(%wbi%,B,2,vCellB2)
<#> Let's see what we have written..
<msg>(-100,-100,"%vCellB2%","",1,0,0,0)
<excel_wb_close>(%wbi%,0)]]>
  </sample>
</cmdHelp>