﻿<cmdHelp>
  <description>
    <![CDATA[This command writes a value to defined cell of currently active worksheet.]]>
  </description>
<parameters>
<p><![CDATA[A workbook identifier previously obtained by "open workbook" command.]]></p>
<p><![CDATA[Cell column identifier. For example: F]]></p>
<p><![CDATA[Cell row identifier. For example: 21]]></p>
<p><![CDATA[A value to write to the cell.]]></p>
</parameters>
  <sample>
    <![CDATA[<#> This macro shows how to write data to Excel cell
<#> and how to read it again
<cmds>
<excel_wb_open>("","",1,wbi)
<excel_cell_set>(%wbi%,B,2,"B2 value")
<excel_cell_get>(%wbi%,B,2,vCellB2)
<#> Let's see what we have written..
<msg>(-100,-100,"%vCellB2%","",1,0,0,0)
<excel_wb_close>(%wbi%,0)
]]>
  </sample>
</cmdHelp>