﻿<cmdHelp>
  <description>
    <![CDATA[This command opens a Microsoft &reg; Excel &reg; application with defined workbook (file) open (or opens Excel &reg; with a newly created empty workbook). "Close workbook" command must be used to properly close Excel workbook. <br>Note: Microsoft &reg; and Excel &reg; are Microsoft Corporation registered trademarks.]]>
  </description>
<parameters>
<p><![CDATA[The workbook (file) to open. If empty then a new workbook is created.]]></p>
<p><![CDATA[The worksheet to activate. If empty then last active worsheet is activated.]]></p>
<p><![CDATA[Excel window is visible:<br>
0 - No<br>
1 - Yes
]]></p>
<p><![CDATA[<a href="http://www.macrotoolworks.com/help/variable.html" target="_blank">Variable</a> that receives identifier of the workbook. This identntifer can be used for "close workbook" and other workbook related commands.]]></p>
</parameters>
  <sample>
    <![CDATA[<#>This macro shows how to open and close an Excel workbook
<cmds>
<excel_wb_open>("","",1,wbi)
<msg>(-100,-100,"A new Excel workbook is open and will be closed now.","Excel Open/Close",1,0,0,0)
<excel_wb_close>(%wbi%,0)]]>
  </sample>
</cmdHelp>