﻿<cmdHelp>
  <description>
    <![CDATA[This command saves changes made to defined workbook.]]>
  </description>
<parameters>
<p><![CDATA[A workbook identifier previously obtained by "open workbook" command.]]></p>
<p><![CDATA[File to save the workbook to. If this field is empty then the workbook is saved to the file it was opened from.]]></p>
</parameters>
  <sample>
    <![CDATA[<#>This macro shows how to save Excel workbook
<cmds>
<excel_wb_open>("","",1,wbi)
<excel_wb_save>(%wbi%,"%_vFolder_Temp%\workbook")<excel_wb_close>(%wbi%,0)
<msg>(-100,-100,"Workbook was saved to this file:

%_vFolder_Temp%\workbook","Workbook Saved",1,0,0,0)]]>
  </sample>
</cmdHelp>