﻿<cmdHelp>
  <description>
    <![CDATA[This command retrieves names of worksheets (and currently active worksheet) for given workbook.]]>
  </description>
<parameters>
<p><![CDATA[A workbook identifier previously obtained by "open workbook" command.]]></p>
<p><![CDATA[<a href="http://www.macrotoolworks.com/help/variable.html" target="_blank">Variable</a> (array) that receives names of all worksheets.]]></p>
<p><![CDATA[<a href="http://www.macrotoolworks.com/help/variable.html" target="_blank">Variable</a> that receives number of all worksheets.]]></p>
<p><![CDATA[<a href="http://www.macrotoolworks.com/help/variable.html" target="_blank">Variable</a> that receives name of currently active worksheet.]]></p>
</parameters>
  <sample>
    <![CDATA[<#>This macro shows how to open and close an Excel workbook
<cmds>
<excel_wb_open>("","",1,wbi)
<excel_wb_sheets>(wbi,vSheets,vSheetNum,vActiveSheet)
<msg>(-100,-100,"The newly open workbook has:

Number of sheets: %vSheetNum%
The first sheet name is: %vSheets[0]%
The active sheet name is: %vActiveSheet%","Excel Open/Close",1,0,0,0)
<excel_wb_close>(%wbi%,0)]]>
  </sample>
</cmdHelp>