﻿<cmdHelp>
  <description>
    <![CDATA[This command activates defined worksheet in an open workbook identified by its identifier.]]>
  </description>
<parameters>
<p><![CDATA[A workbook identifier previously obtained by "open workbook" command.]]></p>
<p><![CDATA[A name of worksheet to activate.]]></p>
</parameters>
  <sample>
    <![CDATA[<#>This macro shows how to activate worksheet in Excel workbook
<cmds>
<excel_wb_open>("","",1,wbi)
<excel_wb_activatesheet>(%wbi%,"Sheet1")
<#>Do something useful here...
<excel_wb_close>(%wbi%,0)]]>
  </sample>
</cmdHelp>