﻿<cmdHelp>
  <description>
    <![CDATA[This command closes a Microsoft &reg; Excel &reg; workbook (file) and optionaly saves it.<br>Note: Microsoft &reg; and Excel &reg; are Microsoft Corporation registered trademarks.]]>
  </description>
<parameters>
<p><![CDATA[A workbook identifier previously obtained by "open workbook" command.]]></p>
  <p>
    <![CDATA[Save workbook:<br>
0 - No<br>
1 - Yes
]]>
  </p>
</parameters>
  <sample>
    <![CDATA[<#>This macro shows how to open and close an Excel workbook
<cmds>
<excel_wb_open>("","",1,wbi)
<msg>(-100,-100,"A new Excel workbook is open and will be closed now.","Excel Open/Close",1,0,0,0)
<excel_wb_close>(%wbi%,0)]]>
  </sample>
</cmdHelp>