﻿<cmdHelp>
  <description>
    <![CDATA[This command sets the macro file internal "changed" flag ON/OFF. If the flag is ON then the program attempts to save macro file (either automatically or asking user).]]>
  </description>
<parameters>
<p><![CDATA[Can be one of these values:
<br>0 - the macro file is not changed (and will not be saved)
<br>1 - the macro file is changed (and wil be saved)]]></p>
</parameters>
  <sample>
    <![CDATA[<#>This macro resets the macro file chnage flag
<me_setfiledirty>(0)]]>
  </sample>
</cmdHelp>