﻿<cmdHelp>
  <description>
    <![CDATA[This command saves an Xml file to disk.]]>
  </description>
<parameters>
<p><![CDATA[Xml file handle - an Xml file identifier provided from "open xml" or "create xml" commands.]]></p>
<p><![CDATA[Name (full path) of the file.]]></p>
</parameters>
  <sample>
    <![CDATA[<#>This macro shows how to save a created Xml file
<cmds>
<xml_file_create>(vXmlDoc,vXmlRoot)
<xml_file_save>(vXmlDoc,"c:\temp\newFile.xml")
<xml_file_close>(vXmlDoc)
]]>
  </sample>
</cmdHelp>