﻿<cmdHelp>
  <description>
    <![CDATA[This command navigates to an Xml file element. ]]>
  </description>
<parameters>
<p><![CDATA[Starting element handle - variable that identifies the element where the path starts.]]></p>
<p>
  <![CDATA[Path to element to navigate to in form "element2\element3\...\elementX" where "element2" is the first child of the starting elemenet, "elemenet3" is the first child of "element2", etc.  ]]></p>
<p><![CDATA[Name of variable that will receive handle of the element from the path ("elementX").]]></p>
</parameters>
  <sample>
    <![CDATA[<#>This macro shows how to work with Xml file content
<#>Create XML file with some simple content and save it to disk
<cmds>
<xml_file_create>(vXmlDoc,vXmlRoot)
<xml_element_create>(vXmlDoc,elem1,This is elem1 text,vElem1)
<xml_attribute_set>(vElem1,a1,Hello)
<xml_element_set>(vXmlRoot,CHILD_FIRST,vElem1)
<xml_file_save>(vXmlDoc,"%TEMP%\test.xml")
<xml_file_close>(vXmlDoc)<#>Open the XML file previously created and explore the contet
<xml_file_open>("%TEMP%\test.xml",v2XmlDoc,v2XmlRoot)
<if_str>("%v2XmlDoc%==%_vStrEmpty%")
<msg>(-100,-100,"Xml file open failed.","Error",1,0,0,0)
<endif>
<xml_element_get>(v2XmlRoot,CHILD_FIRST,v2ElemChild1)
<if_str>("%v2ElemChild1%==%_vStrEmpty%")
<msg>(-100,-100,"Xml element not found.","Error",1,0,0,0)
<endif>
<xml_element_get>(v2ElemChild1,NAME,v2ElemName)
<xml_element_get>(v2ElemChild1,TEXT,v2ElemText)
<xml_attribute_get>(%v2ElemChild1%,a1,v2A1AttributeValue)
<xml_element_navigate>(%v2XmlRoot%,"elem1",v2ElemNavigated)
<xml_attribute_get>(%v2ElemNavigated%,a1,vNavigatedValue)
<if_str>("%vNavigatedValue%!=Hello")
<msg>(-100,-100,"Navigation to element failed.
%vNavigatedValue%","Error",1,0,0,0)
<endif>
<xml_file_close>(v2XmlDoc)
]]>
  </sample>
</cmdHelp>