﻿<cmdHelp>
  <description>
    <![CDATA[This command loads CSV file data. When data are loaded then "get record" command can be used in a loop to get fields for each record.]]>
  </description>
<parameters>
<p><![CDATA[(Full) path to the input CSV file.]]></p>
<p>
  <![CDATA[Variable that receives CSV file handle. This variable is used as input parameter to "get record" command.]]></p>
</parameters>
  <sample>
    <![CDATA[<#> This example shows how to parse CSV file
<cmds>
<#>Load CSV file
<csv_file_load>("c:\data\file1.csv", vCsvFile)
<#>Read all records in loop
<for>("i=0","1","1")
   <csv_get_record>(vCsvFile,vFields,vFieldsNum)
   <if>("%vFieldsNum%<=0")
      <#>No more records to process
      <for_break>
   <endif>
   <for>("r=0","%r%<%vFieldsNum%","1")
      <#>Do something useful with the field...
      <msg>(-100,-100,"%vFields[r]%","",1,0,0,0)
   <for_end>
<for_end>]]>
  </sample>
</cmdHelp>