﻿<cmdHelp>
  <description>
    <![CDATA[This command retrieves one record from CSV file. Call the command multiple times in order to read all records.
    <br><br>Note: CSV (comma separated value) file is a textual file consisting of multiple rows (records) where on each row there are multiple entries (fields) separated by comma:
    <br>Read more here: https://en.wikipedia.org/wiki/Comma-separated_values]]>
  </description>
<parameters>
<p><![CDATA[Variable containing CSV file handle obtained by "CSV load data" command.]]></p>
<p><![CDATA[Variable array that receives fields for the current record.]]></p>
<p><![CDATA[Variable that receives number of fields obtained. If this value is 0 then no more data is in the CSV file.]]></p>
</parameters>
  <sample>
    <![CDATA[<#> This example shows how to parse CSV file
<cmds>
<#>Load CSV file
<csv_file_load>("c:\data\file1.csv", vCsvFile)
<#>Read all records in loop
<for>("i=0","1","1")
   <csv_get_record>(vCsvFile,vFields,vFieldsNum)
   <if>("%vFieldsNum%<=0")
      <#>No more records to process
      <for_break>
   <endif>
   <for>("r=0","%r%<%vFieldsNum%","1")
      <#>Do something useful with the field...
      <msg>(-100,-100,"%vFields[r]%","",1,0,0,0)
   <for_end>
<for_end>]]>
  </sample>
</cmdHelp>