﻿<cmdHelp>
  <description>
    <![CDATA[This command retrieves all links from the given HTML document. The links are retrieved from all HTML document elements that contain "href" attribute.]]>
  </description>
<parameters>
<p><![CDATA[(Full) path to the HTML document. It can be either a file on local hardrive or on a shared drive or it can be a web page.]]></p>
<p><![CDATA[Variable array that receives links.]]></p>
<p><![CDATA[Variable that receives number of links retrieved.]]></p>
<p><![CDATA[Login user name (used to access password protected web page).]]></p>
<p><![CDATA[Login password (used to access password protected web page).]]></p>
<p><![CDATA[Variable array that receives name of the links. This is the text that is between &#60;a&#62; and &#60;/a&#62;.]]></p>
</parameters>
  <sample>
    <![CDATA[<#>This example shows how to use HTML Page Links command
<cmds>
<html_page_links>("https://www.google.com",vLinks,vLinksNum,"","")
<execappex>("notepad.exe","","",0,0)
<waitfor>("WIN","OPEN","[* - Notepad|Notepad|#0|#119]",15,0)
<actwin>("[* - Notepad|Notepad|#0|#119]",0,0)
<if_win>("[* - Notepad|Notepad|#0|#119]","ACT",0)
   <for>("i=0","%i%<vLinksNum","1")
      <varout>("%vLinks[i]%%_vKeyReturn%",0)
   <for_end>
<endif>]]>
  </sample>
</cmdHelp>