﻿<cmdHelp>
  <description>
    <![CDATA[This command searches in the input text for a matching regular expression pattern. The command searches from the position passed as "Start index". If a match is found then the matching substring, index where it is located in the input text, and its length is returned.]]>
  </description>
<parameters>
<p><![CDATA[Input text.]]></p>
<p><![CDATA[Regular expression pattern.]]></p>
<p><![CDATA[Index (position) in the text where to start searching. 0 means that the input text is searched from beginning.]]></p>
<p><![CDATA[Name of the variable that will receive substring that matches the regular expression pattern. If no match is found then this variable will contain empty string (equal to %_vStrEmpty%).]]></p>
<p><![CDATA[Name of the variable that will receive index (position) in the input text where the match was found. If no match is found then this variable will contain -1.]]></p>
<p><![CDATA[Name of the variable that will receive the length of the matching substring found. If no match is found then this variable will contain 0.]]></p>
</parameters>
  <sample>
    <![CDATA[<#>This example shows how to find an e-mail addresses in input text
<cmds>>
<varset>("vSearchFrom=0","")
<for>("","1","")
<regex_find>("This is a text that contains e-mail addresses such as john.a.smith@comp-comp-company.com or FredieX@dot.dot.TV or other....","\b[A-Za-z0-9._%+-]+@[A-Za-z0-9.-]+\.[A-Za-z]{2,}","%vSearchFrom%",vM,vI,vS)
<if>("%vM%==%_vStrEmpty%")
   <msg>(-100,-100,"No more e-mail addresses found.","",1,0,0,0)
   <for_break>
<else>
   <msg>(-100,-100,"E-mail found: %vM%
Position in text: %vI%
Length: %vS%","",1,0,0,0)
   <varset>("%vSearchFrom%=EXPR(%vI%+%vS%)","")
<endif>
<for_end>]]>
  </sample>
</cmdHelp>