﻿<cmdHelp>
  <description>
    <![CDATA[The command evaluates a Windows service state and if it is evaluated as "true" then following macro steps (steps between "if" and "else/endif") are executed.]]>
  </description>
<parameters>
<p><![CDATA[The Windows service name]]></p>
<p>
  <![CDATA[Windows service state:
<br>"Running" - the service is running
<br>"Not running" - the service is installed but it is not running.
<br>"Installed" - the service is installed, it does not matter if it is running or not.
<br>"Not Installed" - the service is not installed.
]]></p>
</parameters>
  <sample>
    <![CDATA[<#>This macro shows how to use "if_winsvc" and "winsvc" commands
<cmds>
<if_winsvc>("WebClient","IS_NOT_RUNNING")
   <winsvc>("WebClient","START")
<endif>]]>
  </sample>
</cmdHelp>