﻿<cmdHelp>
  <description>
    <![CDATA[The command changes state of a Windows service.<br>Note: This command requires the program to run with "Administrator privilages" ]]>
  </description>
<parameters>
<p><![CDATA[The Windows service name]]></p>
<p>
  <![CDATA[Command to change the Windows service state:
<br>"START" - starts the service.
<br>"STOP" - stops the service.
]]></p>
</parameters>
  <sample>
    <![CDATA[<#>This macro shows how to use "if_winsvc" and "winsvc" commands
<cmds>
<if_winsvc>("WebClient","IS_NOT_RUNNING")
   <winsvc>("WebClient","START")
<endif>]]>
  </sample>
</cmdHelp>