﻿<cmdHelp>
  <description>
    <![CDATA[This command finds text in Xml document and provides list of elements where the text was found. ]]>
  </description>
<parameters>
<p><![CDATA[The Xml element handle to start searching from. This can be typically the root element of the Xml document.]]></p>
<p><![CDATA[The name of the element to search for the text in. For example, "address" for the &#60;address&#62; element. If this field is empty then all elements are searched. Wildcards such as * or ? can be used.]]></p>
  <p><![CDATA[The name of the attribute to search for the text in. For example, "style" for the &#60;p style="text-align:right;&#62; element. If this field is empty then all attributes are searched. Wildcards such as * or ? can be used.]]></p>
  <p><![CDATA[The text to find. The text is searched in both element text values and attributes' values. Wildcards such as * or ? can be used.]]></p>
  <p><![CDATA[The name of variable (variable array) that receives handles of all elements where the text was found. For example, vFoundInElements.]]></p>
<p><![CDATA[The name of variable that receives the number of matching elements. For example, vFoundInElementsCount. ]]></p>
</parameters>
  <sample>
    <![CDATA[<#>This macro shows how to use the "xml find element" command to retrieve the latest version fo the Macro Toolworks from the web
<cmds>
<#> Download the Macro Toolworks page
<download>("c:\temp\macrotoolworks.html","http://www.macrotoolworks.com","","")
<#> Convert it to Xml document
<file_html2xml>("c:\temp\macrotoolworks.html","c:\temp\macrotoolworks.xml")
<xml_file_open>("c:\temp\macrotoolworks.xml",vA01,vA01Root)
<#> Find the version in the document
<xml_findtext>(vA01Root,"*","*","Version*",vElemsFound,vElemsFoundCount)
<if_num>("%vElemsFoundCount%>0")
<xml_element_get>(%vElemsFound[0]%,TEXT,vVersion)
<msg>(-100,-100,"This is the latest version available:

%vVersion%","Macro Toolworks Version Info",1,0,0,0)
<exitmacro>
<endif>
<msg>(-100,-100,"Not able to retrieve the version information.","",1,0,2,0)]]>
  </sample>
</cmdHelp>