﻿<cmdHelp>
  <description>
    <![CDATA[This command encodes or decodes input text using provided password. The encoded/decoded text is put into variable. The variable can be used in other macro commands. If input text cannot be decoded due to a wrong password then empty string is saved in the variable.]]>
  </description>
<parameters>
<p><![CDATA[The input text to be encoded/decoded.]]></p>
<p><![CDATA[Name of the variable the encoded/decoded text is saved in. ]]></p>
<p><![CDATA[Password used to encode/decode the input text.]]></p>
<p><![CDATA[ENCRYPT or DECRYPT]]></p>
</parameters>
  <sample>
    <![CDATA[<#>This example shows how to use 'data_crypt' command
<cmds>
<varset>("vPwd1=","Enter password to encrypt text")
<data_crypt>("Original input text to be encrypted",vCT,"%vPwd1%",ENCRYPT)
<msg>(-100,-100,"%vCT%","Encrypted text looks like this",1,0,0,0)

<varset>("vPwd2=","Enter password to decrypt text")
<data_crypt>("%vCT%",vCT2,"%vPwd2%",DECRYPT)
<msg>(-100,-100,"%vCT2%","If you provided correct decrypt password you see the original text",1,0,0,0)]]>
  </sample>
</cmdHelp>