﻿<cmdHelp>
  <description>
    <![CDATA[This command modifies current clipboard content (all textual formats) by replacing or inserting a portion of the text in the clipboard. It is possible to replace string or matching wildcard or matching regular expression by other string.]]>
  </description>
<parameters>
<p><![CDATA[Current text in the clipboard to match.]]></p>
<p><![CDATA[New text to be inserted to the clipboard.]]></p>
<p><![CDATA[Tells whether plain text, wildcard or regular expression should be used to match the current text in the clipboard. The values are &quot;text&quot;, &quot;wildcard&quot; or &quot;regex&quot;.]]></p>
<p><![CDATA[Tells how to insert new text. Options are:
<br>replace - The matching text in the clipboard is replaced by new text
<br>insert_before - New text is inserted right in front of the matching text
<br>insert_after - New text is inserted next to the matching text]]></p>
</parameters>
  <sample>
    <![CDATA[<#>This macro shows how to replace xxx text in clipboard by current date
<clpput>("Put date here: xxx")<#>
<date>(21,"/",1,1,0,"vDate")<#>
<clp_replace_text>("xxx","%vDate%",text,replace)]]>
  </sample>
</cmdHelp>