﻿<cmdHelp>
  <description>
    <![CDATA[This command loads (textual) data from file (whole the content) to the given variable.]]>
  </description>
<parameters>
<p><![CDATA[Variable that receives the file content (text).]]></p>
<p><![CDATA[Path to the file with data (e.g., "c:\mydocuments\data.txt").]]></p>
<p><![CDATA[Password used to decrypt the file content. The password must be the same that was previously used to save data (for example, using 'data_save' or 'data_crypt' command). If incorrect password is provided then the command fails. Leave the parameter empty if the file is not encrypted. ]]></p>
</parameters>
  <sample>
    <![CDATA[<#> This macro loads the file content to variable
<#>
<cmds>
<var_oper>(vFile,"",SELECT_FILE,"Select File","", "0")
<data_load>("%vFileData%","vFile","")
<msg>(-100,-100,"vFileData","File Content",1)]]>
  </sample>
</cmdHelp>