﻿<cmdHelp>
  <description>
    <![CDATA[This command opens an Xml file and parses it. If the file content is not valid Xml then the open command fails. The command returns file handle and root element handle (to variables passed as parameters) needed for other operarions.]]>
  </description>
<parameters>
<p><![CDATA[Xml file path.]]></p>
<p><![CDATA[Xml file handle - a unique number that is used as parameter to other commands (for eaxample, to close the Xml file).]]></p>
<p><![CDATA[Xml root element handle - a unique number that identifies the root element of the Xml file. It is used as input to other commands (for example, to get child elements and traverse the Xml file.]]></p>
<p><![CDATA[Password used to decrypt the data. The password must be the same that was previously used to encrypt data (in 'xml_file_create'command). If incorrect password is provided then commands that reads data from the XML file ('xml_element_get', 'xml_attribute_get' or 'xml_findtext') fails. Leave the parameter empty if the data are not encrypted. ]]></p>
</parameters>
  <sample>
    <![CDATA[<#>This macro shows how to open and close an Xml file
<cmds>
<xml_file_open>("c:\myXmlFileLocation\file.xml",vXmlDoc,vXmlRoot)
<#> Do something useful with the Xml file...
<xml_file_close>(vXmlDoc)]]>
  </sample>
</cmdHelp>